timestamp,series_id,series_games_configured,A_model,B_model,game,winner,starter,moves,A_used_minimax,B_used_minimax,A_tokens,B_tokens,A_points,B_points,incidents
2025-12-16T17:41:07.316771,2ff7f456-4c52-4d2e-afab-4a68818accf1,20,gpt-4o-mini,gpt-4.1-mini,1,A,A,9,False,False,523,562,10,0,
2025-12-16T17:41:07.316771,2ff7f456-4c52-4d2e-afab-4a68818accf1,20,gpt-4o-mini,gpt-4.1-mini,2,B,B,7,False,False,428,422,10,10,
2025-12-16T17:41:07.316771,2ff7f456-4c52-4d2e-afab-4a68818accf1,20,gpt-4o-mini,gpt-4.1-mini,3,A,A,7,True,False,0,439,10,10,
2025-12-16T17:41:07.316771,2ff7f456-4c52-4d2e-afab-4a68818accf1,20,gpt-4o-mini,gpt-4.1-mini,4,A,B,8,True,False,0,418,10,10,
2025-12-16T17:41:07.316771,2ff7f456-4c52-4d2e-afab-4a68818accf1,20,gpt-4o-mini,gpt-4.1-mini,5,A,A,7,True,False,0,439,10,10,
2025-12-16T17:41:07.316771,2ff7f456-4c52-4d2e-afab-4a68818accf1,20,gpt-4o-mini,gpt-4.1-mini,6,A,B,6,True,False,0,293,10,10,
2025-12-16T17:41:07.316771,2ff7f456-4c52-4d2e-afab-4a68818accf1,20,gpt-4o-mini,gpt-4.1-mini,7,A,A,5,True,False,0,303,10,10,
2025-12-16T17:41:07.316771,2ff7f456-4c52-4d2e-afab-4a68818accf1,20,gpt-4o-mini,gpt-4.1-mini,8,A,B,6,True,False,0,293,10,10,
2025-12-16T17:41:07.316771,2ff7f456-4c52-4d2e-afab-4a68818accf1,20,gpt-4o-mini,gpt-4.1-mini,9,A,A,7,True,False,0,436,10,10,
2025-12-16T17:41:07.316771,2ff7f456-4c52-4d2e-afab-4a68818accf1,20,gpt-4o-mini,gpt-4.1-mini,10,A,B,6,True,False,0,293,10,10,
2025-12-16T17:41:07.316771,2ff7f456-4c52-4d2e-afab-4a68818accf1,20,gpt-4o-mini,gpt-4.1-mini,11,A,A,7,True,False,0,441,10,10,
2025-12-16T17:41:07.316771,2ff7f456-4c52-4d2e-afab-4a68818accf1,20,gpt-4o-mini,gpt-4.1-mini,12,A,B,6,True,False,0,290,10,10,
2025-12-16T17:41:07.316771,2ff7f456-4c52-4d2e-afab-4a68818accf1,20,gpt-4o-mini,gpt-4.1-mini,13,A,A,7,True,False,0,438,10,10,
2025-12-16T17:41:07.316771,2ff7f456-4c52-4d2e-afab-4a68818accf1,20,gpt-4o-mini,gpt-4.1-mini,14,A,B,6,True,False,0,295,10,10,4.1 mini invalid move (4.1 mini selected an occupied square.); restart #1. | 4.1 mini invalid move (4.1 mini selected an occupied square.); restart #2.
2025-12-16T17:41:07.316771,2ff7f456-4c52-4d2e-afab-4a68818accf1,20,gpt-4o-mini,gpt-4.1-mini,15,A,A,7,True,False,0,439,10,10,
2025-12-16T17:41:07.316771,2ff7f456-4c52-4d2e-afab-4a68818accf1,20,gpt-4o-mini,gpt-4.1-mini,16,A,B,8,True,False,0,423,10,10,
2025-12-16T17:41:07.316771,2ff7f456-4c52-4d2e-afab-4a68818accf1,20,gpt-4o-mini,gpt-4.1-mini,17,A,A,7,True,False,0,439,10,10,
2025-12-16T17:41:07.316771,2ff7f456-4c52-4d2e-afab-4a68818accf1,20,gpt-4o-mini,gpt-4.1-mini,18,A,B,6,True,False,0,292,10,10,
2025-12-16T17:41:07.316771,2ff7f456-4c52-4d2e-afab-4a68818accf1,20,gpt-4o-mini,gpt-4.1-mini,19,Draw,A,9,True,False,0,561,0,10,
2025-12-16T17:41:07.316771,2ff7f456-4c52-4d2e-afab-4a68818accf1,20,gpt-4o-mini,gpt-4.1-mini,20,B,B,5,False,False,296,292,0,20,
2025-12-16T17:43:31.685896,121d9b77-d0a7-432a-b72c-9c3062449056,20,gpt-4.1-mini,gpt-4o-mini,1,A,A,7,False,False,416,428,10,0,
2025-12-16T17:43:31.685896,121d9b77-d0a7-432a-b72c-9c3062449056,20,gpt-4.1-mini,gpt-4o-mini,2,A,B,6,False,False,440,285,20,0,
2025-12-16T17:43:31.685896,121d9b77-d0a7-432a-b72c-9c3062449056,20,gpt-4.1-mini,gpt-4o-mini,3,A,A,7,False,False,421,429,30,0,
2025-12-16T17:43:31.685896,121d9b77-d0a7-432a-b72c-9c3062449056,20,gpt-4.1-mini,gpt-4o-mini,4,Draw,B,9,False,False,562,523,30,0,
2025-12-16T17:43:31.685896,121d9b77-d0a7-432a-b72c-9c3062449056,20,gpt-4.1-mini,gpt-4o-mini,5,A,A,7,False,False,419,428,40,0,
2025-12-16T17:43:31.685896,121d9b77-d0a7-432a-b72c-9c3062449056,20,gpt-4.1-mini,gpt-4o-mini,6,A,B,8,False,False,566,412,50,0,
2025-12-16T17:43:31.685896,121d9b77-d0a7-432a-b72c-9c3062449056,20,gpt-4.1-mini,gpt-4o-mini,7,A,A,7,False,False,419,431,60,0,
2025-12-16T17:43:31.685896,121d9b77-d0a7-432a-b72c-9c3062449056,20,gpt-4.1-mini,gpt-4o-mini,8,A,B,8,False,False,559,410,70,0,
2025-12-16T17:43:31.685896,121d9b77-d0a7-432a-b72c-9c3062449056,20,gpt-4.1-mini,gpt-4o-mini,9,A,A,7,False,False,422,427,80,0,
2025-12-16T17:43:31.685896,121d9b77-d0a7-432a-b72c-9c3062449056,20,gpt-4.1-mini,gpt-4o-mini,10,A,B,6,False,False,437,285,90,0,
2025-12-16T17:43:31.685896,121d9b77-d0a7-432a-b72c-9c3062449056,20,gpt-4.1-mini,gpt-4o-mini,11,B,A,8,False,False,418,546,90,10,
2025-12-16T17:43:31.685896,121d9b77-d0a7-432a-b72c-9c3062449056,20,gpt-4.1-mini,gpt-4o-mini,12,A,B,8,False,False,567,413,100,10,
2025-12-16T17:43:31.685896,121d9b77-d0a7-432a-b72c-9c3062449056,20,gpt-4.1-mini,gpt-4o-mini,13,A,A,7,False,False,421,426,110,10,
2025-12-16T17:43:31.685896,121d9b77-d0a7-432a-b72c-9c3062449056,20,gpt-4.1-mini,gpt-4o-mini,14,Draw,B,9,False,False,558,522,110,10,
2025-12-16T17:43:31.685896,121d9b77-d0a7-432a-b72c-9c3062449056,20,gpt-4.1-mini,gpt-4o-mini,15,A,A,7,False,False,425,434,120,10,
2025-12-16T17:43:31.685896,121d9b77-d0a7-432a-b72c-9c3062449056,20,gpt-4.1-mini,gpt-4o-mini,16,B,B,9,False,False,559,523,120,20,
2025-12-16T17:43:31.685896,121d9b77-d0a7-432a-b72c-9c3062449056,20,gpt-4.1-mini,gpt-4o-mini,17,A,A,7,False,False,416,428,130,20,
2025-12-16T17:43:31.685896,121d9b77-d0a7-432a-b72c-9c3062449056,20,gpt-4.1-mini,gpt-4o-mini,18,A,B,8,False,False,563,411,140,20,
2025-12-16T17:43:31.685896,121d9b77-d0a7-432a-b72c-9c3062449056,20,gpt-4.1-mini,gpt-4o-mini,19,A,A,7,False,False,419,428,150,20,
2025-12-16T17:43:31.685896,121d9b77-d0a7-432a-b72c-9c3062449056,20,gpt-4.1-mini,gpt-4o-mini,20,A,B,6,False,False,440,285,160,20,
2025-12-16T17:47:14.806914,112f5394-524c-4428-a425-1d2f6e51f1da,20,gpt-4.1-mini,gpt-4o-mini,1,A,A,7,False,False,423,432,10,0,
2025-12-16T17:47:14.806914,112f5394-524c-4428-a425-1d2f6e51f1da,20,gpt-4.1-mini,gpt-4o-mini,2,A,B,6,False,False,437,285,20,0,
2025-12-16T17:47:14.806914,112f5394-524c-4428-a425-1d2f6e51f1da,20,gpt-4.1-mini,gpt-4o-mini,3,A,A,7,False,False,419,431,30,0,
2025-12-16T17:47:14.806914,112f5394-524c-4428-a425-1d2f6e51f1da,20,gpt-4.1-mini,gpt-4o-mini,4,A,B,8,False,False,566,412,40,0,
2025-12-16T17:47:14.806914,112f5394-524c-4428-a425-1d2f6e51f1da,20,gpt-4.1-mini,gpt-4o-mini,5,A,A,7,False,False,421,426,50,0,
2025-12-16T17:47:14.806914,112f5394-524c-4428-a425-1d2f6e51f1da,20,gpt-4.1-mini,gpt-4o-mini,6,A,B,6,False,False,440,285,60,0,
2025-12-16T17:47:14.806914,112f5394-524c-4428-a425-1d2f6e51f1da,20,gpt-4.1-mini,gpt-4o-mini,7,A,A,7,False,False,422,427,70,0,
2025-12-16T17:47:14.806914,112f5394-524c-4428-a425-1d2f6e51f1da,20,gpt-4.1-mini,gpt-4o-mini,8,Draw,B,9,False,False,560,524,70,0,
2025-12-16T17:47:14.806914,112f5394-524c-4428-a425-1d2f6e51f1da,20,gpt-4.1-mini,gpt-4o-mini,9,A,A,9,False,False,536,549,80,0,
2025-12-16T17:47:14.806914,112f5394-524c-4428-a425-1d2f6e51f1da,20,gpt-4.1-mini,gpt-4o-mini,10,A,B,8,False,False,567,413,90,0,
2025-12-16T17:47:14.806914,112f5394-524c-4428-a425-1d2f6e51f1da,20,gpt-4.1-mini,gpt-4o-mini,11,A,A,7,False,False,416,428,100,0,
2025-12-16T17:47:14.806914,112f5394-524c-4428-a425-1d2f6e51f1da,20,gpt-4.1-mini,gpt-4o-mini,12,A,B,8,False,False,562,412,110,0,
2025-12-16T17:47:14.806914,112f5394-524c-4428-a425-1d2f6e51f1da,20,gpt-4.1-mini,gpt-4o-mini,13,A,A,7,False,False,421,426,120,0,4.1 mini invalid move (4.1 mini selected an occupied square.); restart #1.
2025-12-16T17:47:14.806914,112f5394-524c-4428-a425-1d2f6e51f1da,20,gpt-4.1-mini,gpt-4o-mini,14,A,B,8,False,False,564,411,130,0,
2025-12-16T17:47:14.806914,112f5394-524c-4428-a425-1d2f6e51f1da,20,gpt-4.1-mini,gpt-4o-mini,15,A,A,7,False,False,418,426,140,0,
2025-12-16T17:47:14.806914,112f5394-524c-4428-a425-1d2f6e51f1da,20,gpt-4.1-mini,gpt-4o-mini,16,A,B,6,False,False,436,285,150,0,
2025-12-16T17:47:14.806914,112f5394-524c-4428-a425-1d2f6e51f1da,20,gpt-4.1-mini,gpt-4o-mini,17,A,A,7,False,False,417,428,160,0,
2025-12-16T17:47:14.806914,112f5394-524c-4428-a425-1d2f6e51f1da,20,gpt-4.1-mini,gpt-4o-mini,18,B,B,7,False,False,440,413,160,10,
2025-12-16T17:47:14.806914,112f5394-524c-4428-a425-1d2f6e51f1da,20,gpt-4.1-mini,gpt-4o-mini,19,B,A,6,False,True,293,0,160,19,
2025-12-16T17:47:14.806914,112f5394-524c-4428-a425-1d2f6e51f1da,20,gpt-4.1-mini,gpt-4o-mini,20,B,B,7,False,True,439,0,160,28,
2025-12-16T18:22:11.854418,6814a5fb-3051-4250-89b4-9d815d24249c,50,gpt-4.1-mini,gpt-4o-mini,1,A,A,7,False,False,422,428,10,0,
2025-12-16T18:22:11.854418,6814a5fb-3051-4250-89b4-9d815d24249c,50,gpt-4.1-mini,gpt-4o-mini,2,Draw,B,9,False,False,562,526,10,0,
2025-12-16T18:22:11.854418,6814a5fb-3051-4250-89b4-9d815d24249c,50,gpt-4.1-mini,gpt-4o-mini,3,A,A,7,False,False,420,429,20,0,4.1 mini invalid move (4.1 mini selected an occupied square.); restart #1.
2025-12-16T18:22:11.854418,6814a5fb-3051-4250-89b4-9d815d24249c,50,gpt-4.1-mini,gpt-4o-mini,4,A,B,6,False,False,437,285,30,0,
2025-12-16T18:22:11.854418,6814a5fb-3051-4250-89b4-9d815d24249c,50,gpt-4.1-mini,gpt-4o-mini,5,B,A,8,False,False,423,548,30,10,
2025-12-16T18:22:11.854418,6814a5fb-3051-4250-89b4-9d815d24249c,50,gpt-4.1-mini,gpt-4o-mini,6,B,B,9,False,False,559,526,30,20,
2025-12-16T18:22:11.854418,6814a5fb-3051-4250-89b4-9d815d24249c,50,gpt-4.1-mini,gpt-4o-mini,7,A,A,7,False,False,422,428,40,20,4.1 mini invalid move (4.1 mini selected an occupied square.); restart #1.
2025-12-16T18:22:11.854418,6814a5fb-3051-4250-89b4-9d815d24249c,50,gpt-4.1-mini,gpt-4o-mini,8,B,B,7,False,False,439,411,40,30,
2025-12-16T18:22:11.854418,6814a5fb-3051-4250-89b4-9d815d24249c,50,gpt-4.1-mini,gpt-4o-mini,9,A,A,7,False,False,421,426,50,30,
2025-12-16T18:22:11.854418,6814a5fb-3051-4250-89b4-9d815d24249c,50,gpt-4.1-mini,gpt-4o-mini,10,Draw,B,9,False,True,565,0,50,22,
2025-12-16T18:22:11.854418,6814a5fb-3051-4250-89b4-9d815d24249c,50,gpt-4.1-mini,gpt-4o-mini,11,B,A,6,False,True,295,0,50,24,
2025-12-16T18:22:11.854418,6814a5fb-3051-4250-89b4-9d815d24249c,50,gpt-4.1-mini,gpt-4o-mini,12,B,B,7,False,True,439,0,50,26,
2025-12-16T18:22:11.854418,6814a5fb-3051-4250-89b4-9d815d24249c,50,gpt-4.1-mini,gpt-4o-mini,13,B,A,8,False,True,421,0,50,28,
2025-12-16T18:22:11.854418,6814a5fb-3051-4250-89b4-9d815d24249c,50,gpt-4.1-mini,gpt-4o-mini,14,B,B,7,False,True,439,0,50,30,
2025-12-16T18:22:11.854418,6814a5fb-3051-4250-89b4-9d815d24249c,50,gpt-4.1-mini,gpt-4o-mini,15,A,A,7,False,False,419,428,60,30,4.1 mini invalid move (4.1 mini selected an occupied square.); restart #1.
2025-12-16T18:22:11.854418,6814a5fb-3051-4250-89b4-9d815d24249c,50,gpt-4.1-mini,gpt-4o-mini,16,Draw,B,9,False,True,561,0,60,23,
2025-12-16T18:22:11.854418,6814a5fb-3051-4250-89b4-9d815d24249c,50,gpt-4.1-mini,gpt-4o-mini,17,B,A,6,False,True,292,0,60,26,
2025-12-16T18:22:11.854418,6814a5fb-3051-4250-89b4-9d815d24249c,50,gpt-4.1-mini,gpt-4o-mini,18,B,B,9,False,True,565,0,60,29,
2025-12-16T18:22:11.854418,6814a5fb-3051-4250-89b4-9d815d24249c,50,gpt-4.1-mini,gpt-4o-mini,19,B,A,6,False,True,292,0,60,32,
2025-12-16T18:22:11.854418,6814a5fb-3051-4250-89b4-9d815d24249c,50,gpt-4.1-mini,gpt-4o-mini,20,A,B,6,False,False,440,285,70,32,
2025-12-16T18:22:11.854418,6814a5fb-3051-4250-89b4-9d815d24249c,50,gpt-4.1-mini,gpt-4o-mini,21,B,A,8,False,True,421,0,70,35,
2025-12-16T18:22:11.854418,6814a5fb-3051-4250-89b4-9d815d24249c,50,gpt-4.1-mini,gpt-4o-mini,22,B,B,7,False,True,439,0,70,38,
2025-12-16T18:22:11.854418,6814a5fb-3051-4250-89b4-9d815d24249c,50,gpt-4.1-mini,gpt-4o-mini,23,B,A,8,False,True,420,0,70,41,4.1 mini invalid move (4.1 mini selected an occupied square.); restart #1.
2025-12-16T18:22:11.854418,6814a5fb-3051-4250-89b4-9d815d24249c,50,gpt-4.1-mini,gpt-4o-mini,24,B,B,7,False,True,436,0,70,43,
2025-12-16T18:22:11.854418,6814a5fb-3051-4250-89b4-9d815d24249c,50,gpt-4.1-mini,gpt-4o-mini,25,A,A,7,False,False,421,429,80,43,
2025-12-16T18:22:11.854418,6814a5fb-3051-4250-89b4-9d815d24249c,50,gpt-4.1-mini,gpt-4o-mini,26,B,B,9,False,True,565,0,80,46,
2025-12-16T18:22:11.854418,6814a5fb-3051-4250-89b4-9d815d24249c,50,gpt-4.1-mini,gpt-4o-mini,27,B,A,6,False,True,295,0,80,49,
2025-12-16T18:22:11.854418,6814a5fb-3051-4250-89b4-9d815d24249c,50,gpt-4.1-mini,gpt-4o-mini,28,Draw,B,9,False,True,561,0,80,42,
2025-12-16T18:22:11.854418,6814a5fb-3051-4250-89b4-9d815d24249c,50,gpt-4.1-mini,gpt-4o-mini,29,B,A,8,False,True,421,0,80,45,
2025-12-16T18:22:11.854418,6814a5fb-3051-4250-89b4-9d815d24249c,50,gpt-4.1-mini,gpt-4o-mini,30,B,B,7,False,True,439,0,80,48,
2025-12-16T18:22:11.854418,6814a5fb-3051-4250-89b4-9d815d24249c,50,gpt-4.1-mini,gpt-4o-mini,31,B,A,8,False,True,423,0,80,51,4.1 mini invalid move (4.1 mini selected an occupied square.); restart #1.
2025-12-16T18:22:11.854418,6814a5fb-3051-4250-89b4-9d815d24249c,50,gpt-4.1-mini,gpt-4o-mini,32,B,B,7,False,True,439,0,80,53,
2025-12-16T18:22:11.854418,6814a5fb-3051-4250-89b4-9d815d24249c,50,gpt-4.1-mini,gpt-4o-mini,33,B,A,6,False,True,292,0,80,55,
2025-12-16T18:22:11.854418,6814a5fb-3051-4250-89b4-9d815d24249c,50,gpt-4.1-mini,gpt-4o-mini,34,Draw,B,9,False,False,563,526,80,55,
2025-12-16T18:22:11.854418,6814a5fb-3051-4250-89b4-9d815d24249c,50,gpt-4.1-mini,gpt-4o-mini,35,A,A,7,False,False,423,432,90,55,
2025-12-16T18:22:11.854418,6814a5fb-3051-4250-89b4-9d815d24249c,50,gpt-4.1-mini,gpt-4o-mini,36,A,B,6,False,False,437,285,100,55,
2025-12-16T18:22:11.854418,6814a5fb-3051-4250-89b4-9d815d24249c,50,gpt-4.1-mini,gpt-4o-mini,37,A,A,7,False,False,422,427,110,55,
2025-12-16T18:22:11.854418,6814a5fb-3051-4250-89b4-9d815d24249c,50,gpt-4.1-mini,gpt-4o-mini,38,B,B,9,False,False,562,526,110,65,
2025-12-16T18:22:11.854418,6814a5fb-3051-4250-89b4-9d815d24249c,50,gpt-4.1-mini,gpt-4o-mini,39,A,A,7,False,False,421,426,120,65,
2025-12-16T18:22:11.854418,6814a5fb-3051-4250-89b4-9d815d24249c,50,gpt-4.1-mini,gpt-4o-mini,40,B,B,7,False,True,436,0,120,70,
2025-12-16T18:22:11.854418,6814a5fb-3051-4250-89b4-9d815d24249c,50,gpt-4.1-mini,gpt-4o-mini,41,B,A,6,False,True,293,0,120,75,
2025-12-16T18:22:11.854418,6814a5fb-3051-4250-89b4-9d815d24249c,50,gpt-4.1-mini,gpt-4o-mini,42,B,B,7,False,True,438,0,120,79,
2025-12-16T18:22:11.854418,6814a5fb-3051-4250-89b4-9d815d24249c,50,gpt-4.1-mini,gpt-4o-mini,43,B,A,6,False,True,296,0,120,83,
2025-12-16T18:22:11.854418,6814a5fb-3051-4250-89b4-9d815d24249c,50,gpt-4.1-mini,gpt-4o-mini,44,B,B,5,False,True,303,0,120,86,
2025-12-16T18:22:11.854418,6814a5fb-3051-4250-89b4-9d815d24249c,50,gpt-4.1-mini,gpt-4o-mini,45,B,A,6,False,True,290,0,120,89,
2025-12-16T18:22:11.854418,6814a5fb-3051-4250-89b4-9d815d24249c,50,gpt-4.1-mini,gpt-4o-mini,46,B,B,5,False,True,305,0,120,92,
2025-12-16T18:22:11.854418,6814a5fb-3051-4250-89b4-9d815d24249c,50,gpt-4.1-mini,gpt-4o-mini,47,B,A,6,False,True,293,0,120,94,
2025-12-16T18:22:11.854418,6814a5fb-3051-4250-89b4-9d815d24249c,50,gpt-4.1-mini,gpt-4o-mini,48,A,B,6,False,False,440,559,130,94,
2025-12-16T18:22:11.854418,6814a5fb-3051-4250-89b4-9d815d24249c,50,gpt-4.1-mini,gpt-4o-mini,49,B,A,8,False,True,420,0,130,97,
2025-12-16T18:22:11.854418,6814a5fb-3051-4250-89b4-9d815d24249c,50,gpt-4.1-mini,gpt-4o-mini,50,B,B,7,False,True,439,0,130,100,
2025-12-16T18:28:52.550171,1f18bf20-b7e5-4fc2-9ef0-9100ffaf43f9,50,gpt-4.1-mini,gpt-4o-mini,1,B,A,8,False,False,421,546,0,10,
2025-12-16T18:28:52.550171,1f18bf20-b7e5-4fc2-9ef0-9100ffaf43f9,50,gpt-4.1-mini,gpt-4o-mini,2,A,B,8,False,False,562,410,10,10,
2025-12-16T18:28:52.550171,1f18bf20-b7e5-4fc2-9ef0-9100ffaf43f9,50,gpt-4.1-mini,gpt-4o-mini,3,A,A,9,False,False,540,550,20,10,
2025-12-16T18:28:52.550171,1f18bf20-b7e5-4fc2-9ef0-9100ffaf43f9,50,gpt-4.1-mini,gpt-4o-mini,4,B,B,9,False,False,559,526,20,20,
2025-12-16T18:28:52.550171,1f18bf20-b7e5-4fc2-9ef0-9100ffaf43f9,50,gpt-4.1-mini,gpt-4o-mini,5,A,A,7,False,False,421,426,30,20,
2025-12-16T18:28:52.550171,1f18bf20-b7e5-4fc2-9ef0-9100ffaf43f9,50,gpt-4.1-mini,gpt-4o-mini,6,Draw,B,9,False,False,567,527,30,20,
2025-12-16T18:28:52.550171,1f18bf20-b7e5-4fc2-9ef0-9100ffaf43f9,50,gpt-4.1-mini,gpt-4o-mini,7,A,A,7,False,False,416,428,40,20,
2025-12-16T18:28:52.550171,1f18bf20-b7e5-4fc2-9ef0-9100ffaf43f9,50,gpt-4.1-mini,gpt-4o-mini,8,A,B,6,False,False,437,285,50,20,
2025-12-16T18:28:52.550171,1f18bf20-b7e5-4fc2-9ef0-9100ffaf43f9,50,gpt-4.1-mini,gpt-4o-mini,9,A,A,9,False,False,539,546,60,20,
2025-12-16T18:28:52.550171,1f18bf20-b7e5-4fc2-9ef0-9100ffaf43f9,50,gpt-4.1-mini,gpt-4o-mini,10,A,B,8,False,False,564,410,70,20,
2025-12-16T18:28:52.550171,1f18bf20-b7e5-4fc2-9ef0-9100ffaf43f9,50,gpt-4.1-mini,gpt-4o-mini,11,A,A,7,False,False,421,426,80,20,
2025-12-16T18:28:52.550171,1f18bf20-b7e5-4fc2-9ef0-9100ffaf43f9,50,gpt-4.1-mini,gpt-4o-mini,12,A,B,8,False,False,563,412,90,20,
2025-12-16T18:28:52.550171,1f18bf20-b7e5-4fc2-9ef0-9100ffaf43f9,50,gpt-4.1-mini,gpt-4o-mini,13,A,A,7,False,False,422,431,100,20,
2025-12-16T18:28:52.550171,1f18bf20-b7e5-4fc2-9ef0-9100ffaf43f9,50,gpt-4.1-mini,gpt-4o-mini,14,A,B,8,False,False,563,411,110,20,
2025-12-16T18:28:52.550171,1f18bf20-b7e5-4fc2-9ef0-9100ffaf43f9,50,gpt-4.1-mini,gpt-4o-mini,15,A,A,7,False,False,420,432,120,20,
2025-12-16T18:28:52.550171,1f18bf20-b7e5-4fc2-9ef0-9100ffaf43f9,50,gpt-4.1-mini,gpt-4o-mini,16,A,B,8,False,False,562,410,130,20,
2025-12-16T18:28:52.550171,1f18bf20-b7e5-4fc2-9ef0-9100ffaf43f9,50,gpt-4.1-mini,gpt-4o-mini,17,A,A,7,False,False,416,428,140,20,
2025-12-16T18:28:52.550171,1f18bf20-b7e5-4fc2-9ef0-9100ffaf43f9,50,gpt-4.1-mini,gpt-4o-mini,18,Draw,B,9,False,False,563,525,140,20,
2025-12-16T18:28:52.550171,1f18bf20-b7e5-4fc2-9ef0-9100ffaf43f9,50,gpt-4.1-mini,gpt-4o-mini,19,B,A,8,False,False,418,546,140,30,
2025-12-16T18:28:52.550171,1f18bf20-b7e5-4fc2-9ef0-9100ffaf43f9,50,gpt-4.1-mini,gpt-4o-mini,20,B,B,7,False,False,439,409,140,40,
2025-12-16T18:28:52.550171,1f18bf20-b7e5-4fc2-9ef0-9100ffaf43f9,50,gpt-4.1-mini,gpt-4o-mini,21,A,A,7,False,False,419,431,150,40,4.1 mini invalid move (4.1 mini selected an occupied square.); restart #1.
2025-12-16T18:28:52.550171,1f18bf20-b7e5-4fc2-9ef0-9100ffaf43f9,50,gpt-4.1-mini,gpt-4o-mini,22,A,B,8,False,False,563,411,160,40,
2025-12-16T18:28:52.550171,1f18bf20-b7e5-4fc2-9ef0-9100ffaf43f9,50,gpt-4.1-mini,gpt-4o-mini,23,A,A,7,False,False,421,429,170,40,
2025-12-16T18:28:52.550171,1f18bf20-b7e5-4fc2-9ef0-9100ffaf43f9,50,gpt-4.1-mini,gpt-4o-mini,24,Draw,B,9,False,False,560,524,170,40,
2025-12-16T18:28:52.550171,1f18bf20-b7e5-4fc2-9ef0-9100ffaf43f9,50,gpt-4.1-mini,gpt-4o-mini,25,A,A,7,False,False,416,428,180,40,
2025-12-16T18:28:52.550171,1f18bf20-b7e5-4fc2-9ef0-9100ffaf43f9,50,gpt-4.1-mini,gpt-4o-mini,26,Draw,B,9,False,False,563,525,180,40,
2025-12-16T18:28:52.550171,1f18bf20-b7e5-4fc2-9ef0-9100ffaf43f9,50,gpt-4.1-mini,gpt-4o-mini,27,A,A,7,False,False,421,426,190,40,
2025-12-16T18:28:52.550171,1f18bf20-b7e5-4fc2-9ef0-9100ffaf43f9,50,gpt-4.1-mini,gpt-4o-mini,28,A,B,8,False,False,563,411,200,40,
2025-12-16T18:28:52.550171,1f18bf20-b7e5-4fc2-9ef0-9100ffaf43f9,50,gpt-4.1-mini,gpt-4o-mini,29,A,A,7,False,False,419,428,210,40,4.1 mini invalid move (4.1 mini selected an occupied square.); restart #1.
2025-12-16T18:28:52.550171,1f18bf20-b7e5-4fc2-9ef0-9100ffaf43f9,50,gpt-4.1-mini,gpt-4o-mini,30,A,B,8,False,False,563,411,220,40,
2025-12-16T18:28:52.550171,1f18bf20-b7e5-4fc2-9ef0-9100ffaf43f9,50,gpt-4.1-mini,gpt-4o-mini,31,A,A,7,False,False,423,432,230,40,
2025-12-16T18:28:52.550171,1f18bf20-b7e5-4fc2-9ef0-9100ffaf43f9,50,gpt-4.1-mini,gpt-4o-mini,32,Draw,B,9,False,False,560,524,230,40,
2025-12-16T18:28:52.550171,1f18bf20-b7e5-4fc2-9ef0-9100ffaf43f9,50,gpt-4.1-mini,gpt-4o-mini,33,A,A,7,False,False,419,428,240,40,
2025-12-16T18:28:52.550171,1f18bf20-b7e5-4fc2-9ef0-9100ffaf43f9,50,gpt-4.1-mini,gpt-4o-mini,34,Draw,B,9,False,False,561,522,240,40,
2025-12-16T18:28:52.550171,1f18bf20-b7e5-4fc2-9ef0-9100ffaf43f9,50,gpt-4.1-mini,gpt-4o-mini,35,B,A,8,False,False,418,546,240,50,
2025-12-16T18:28:52.550171,1f18bf20-b7e5-4fc2-9ef0-9100ffaf43f9,50,gpt-4.1-mini,gpt-4o-mini,36,A,B,8,False,False,562,413,250,50,
2025-12-16T18:28:52.550171,1f18bf20-b7e5-4fc2-9ef0-9100ffaf43f9,50,gpt-4.1-mini,gpt-4o-mini,37,A,A,7,False,False,419,431,260,50,4.1 mini invalid move (4.1 mini selected an occupied square.); restart #1.
2025-12-16T18:28:52.550171,1f18bf20-b7e5-4fc2-9ef0-9100ffaf43f9,50,gpt-4.1-mini,gpt-4o-mini,38,A,B,8,False,False,563,411,270,50,
2025-12-16T18:28:52.550171,1f18bf20-b7e5-4fc2-9ef0-9100ffaf43f9,50,gpt-4.1-mini,gpt-4o-mini,39,A,A,7,False,False,420,429,280,50,
2025-12-16T18:28:52.550171,1f18bf20-b7e5-4fc2-9ef0-9100ffaf43f9,50,gpt-4.1-mini,gpt-4o-mini,40,A,B,8,False,False,559,410,290,50,
2025-12-16T18:28:52.550171,1f18bf20-b7e5-4fc2-9ef0-9100ffaf43f9,50,gpt-4.1-mini,gpt-4o-mini,41,A,A,7,False,False,422,428,300,50,
2025-12-16T18:28:52.550171,1f18bf20-b7e5-4fc2-9ef0-9100ffaf43f9,50,gpt-4.1-mini,gpt-4o-mini,42,Draw,B,9,False,False,563,525,300,50,
2025-12-16T18:28:52.550171,1f18bf20-b7e5-4fc2-9ef0-9100ffaf43f9,50,gpt-4.1-mini,gpt-4o-mini,43,B,A,8,False,False,421,546,300,60,
2025-12-16T18:28:52.550171,1f18bf20-b7e5-4fc2-9ef0-9100ffaf43f9,50,gpt-4.1-mini,gpt-4o-mini,44,A,B,8,False,False,559,410,310,60,
2025-12-16T18:28:52.550171,1f18bf20-b7e5-4fc2-9ef0-9100ffaf43f9,50,gpt-4.1-mini,gpt-4o-mini,45,A,A,7,False,False,422,431,320,60,4.1 mini invalid move (4.1 mini selected an occupied square.); restart #1.
2025-12-16T18:28:52.550171,1f18bf20-b7e5-4fc2-9ef0-9100ffaf43f9,50,gpt-4.1-mini,gpt-4o-mini,46,A,B,8,False,False,563,411,330,60,
2025-12-16T18:28:52.550171,1f18bf20-b7e5-4fc2-9ef0-9100ffaf43f9,50,gpt-4.1-mini,gpt-4o-mini,47,A,A,7,False,False,423,432,340,60,
2025-12-16T18:28:52.550171,1f18bf20-b7e5-4fc2-9ef0-9100ffaf43f9,50,gpt-4.1-mini,gpt-4o-mini,48,A,B,8,False,False,559,410,350,60,
2025-12-16T18:28:52.550171,1f18bf20-b7e5-4fc2-9ef0-9100ffaf43f9,50,gpt-4.1-mini,gpt-4o-mini,49,A,A,7,False,False,422,428,360,60,
2025-12-16T18:28:52.550171,1f18bf20-b7e5-4fc2-9ef0-9100ffaf43f9,50,gpt-4.1-mini,gpt-4o-mini,50,Draw,B,9,False,False,561,522,360,60,
2025-12-16T22:17:51.682288,a9bbab45-ae7c-4a1e-8b29-7f9741208d4f,50,gpt-4.1-mini,gpt-4o-mini,1,A,A,7,False,False,420,428,10,0,
2025-12-16T22:17:51.682288,a9bbab45-ae7c-4a1e-8b29-7f9741208d4f,50,gpt-4.1-mini,gpt-4o-mini,2,B,B,7,False,False,440,413,10,10,
2025-12-16T22:17:51.682288,a9bbab45-ae7c-4a1e-8b29-7f9741208d4f,50,gpt-4.1-mini,gpt-4o-mini,3,A,A,7,False,False,419,428,20,10,
2025-12-16T22:17:51.682288,a9bbab45-ae7c-4a1e-8b29-7f9741208d4f,50,gpt-4.1-mini,gpt-4o-mini,4,A,B,8,False,False,563,411,30,10,
2025-12-16T22:17:51.682288,a9bbab45-ae7c-4a1e-8b29-7f9741208d4f,50,gpt-4.1-mini,gpt-4o-mini,5,B,A,6,False,True,293,0,30,12,
2025-12-16T22:17:51.682288,a9bbab45-ae7c-4a1e-8b29-7f9741208d4f,50,gpt-4.1-mini,gpt-4o-mini,6,A,B,8,False,False,563,412,40,12,
2025-12-16T22:17:51.682288,a9bbab45-ae7c-4a1e-8b29-7f9741208d4f,50,gpt-4.1-mini,gpt-4o-mini,7,B,A,6,False,True,292,0,40,14,
2025-12-16T22:17:51.682288,a9bbab45-ae7c-4a1e-8b29-7f9741208d4f,50,gpt-4.1-mini,gpt-4o-mini,8,B,B,7,False,True,439,0,40,16,
2025-12-16T22:17:51.682288,a9bbab45-ae7c-4a1e-8b29-7f9741208d4f,50,gpt-4.1-mini,gpt-4o-mini,9,B,A,6,False,True,290,0,40,18,
2025-12-16T22:17:51.682288,a9bbab45-ae7c-4a1e-8b29-7f9741208d4f,50,gpt-4.1-mini,gpt-4o-mini,10,B,B,7,False,True,439,0,40,20,
2025-12-16T22:17:51.682288,a9bbab45-ae7c-4a1e-8b29-7f9741208d4f,50,gpt-4.1-mini,gpt-4o-mini,11,B,A,6,False,True,295,0,40,22,
2025-12-16T22:17:51.682288,a9bbab45-ae7c-4a1e-8b29-7f9741208d4f,50,gpt-4.1-mini,gpt-4o-mini,12,A,B,8,False,False,559,410,50,22,
2025-12-16T22:17:51.682288,a9bbab45-ae7c-4a1e-8b29-7f9741208d4f,50,gpt-4.1-mini,gpt-4o-mini,13,B,A,8,False,True,421,0,50,24,
2025-12-16T22:17:51.682288,a9bbab45-ae7c-4a1e-8b29-7f9741208d4f,50,gpt-4.1-mini,gpt-4o-mini,14,B,B,7,False,True,436,0,50,26,
2025-12-16T22:17:51.682288,a9bbab45-ae7c-4a1e-8b29-7f9741208d4f,50,gpt-4.1-mini,gpt-4o-mini,15,B,A,6,False,True,296,0,50,28,
2025-12-16T22:17:51.682288,a9bbab45-ae7c-4a1e-8b29-7f9741208d4f,50,gpt-4.1-mini,gpt-4o-mini,16,B,B,7,False,True,439,0,50,30,
2025-12-16T22:17:51.682288,a9bbab45-ae7c-4a1e-8b29-7f9741208d4f,50,gpt-4.1-mini,gpt-4o-mini,17,B,A,6,False,True,293,0,50,32,4.1 mini invalid move (4.1 mini selected an occupied square.); restart #1.
2025-12-16T22:17:51.682288,a9bbab45-ae7c-4a1e-8b29-7f9741208d4f,50,gpt-4.1-mini,gpt-4o-mini,18,B,B,7,False,True,439,0,50,33,
2025-12-16T22:17:51.682288,a9bbab45-ae7c-4a1e-8b29-7f9741208d4f,50,gpt-4.1-mini,gpt-4o-mini,19,B,A,6,False,True,295,0,50,34,
2025-12-16T22:17:51.682288,a9bbab45-ae7c-4a1e-8b29-7f9741208d4f,50,gpt-4.1-mini,gpt-4o-mini,20,B,B,7,False,True,436,0,50,35,
2025-12-16T22:17:51.682288,a9bbab45-ae7c-4a1e-8b29-7f9741208d4f,50,gpt-4.1-mini,gpt-4o-mini,21,B,A,8,False,True,421,0,50,36,
2025-12-16T22:17:51.682288,a9bbab45-ae7c-4a1e-8b29-7f9741208d4f,50,gpt-4.1-mini,gpt-4o-mini,22,B,B,7,False,True,439,0,50,37,
2025-12-16T22:17:51.682288,a9bbab45-ae7c-4a1e-8b29-7f9741208d4f,50,gpt-4.1-mini,gpt-4o-mini,23,B,A,6,False,True,292,0,50,38,4.1 mini invalid move (4.1 mini selected an occupied square.); restart #1.
2025-12-16T22:17:51.682288,a9bbab45-ae7c-4a1e-8b29-7f9741208d4f,50,gpt-4.1-mini,gpt-4o-mini,24,B,B,7,False,False,436,410,50,48,
2025-12-16T22:17:51.682288,a9bbab45-ae7c-4a1e-8b29-7f9741208d4f,50,gpt-4.1-mini,gpt-4o-mini,25,B,A,6,False,True,290,0,50,48,
2025-12-16T22:17:51.682288,a9bbab45-ae7c-4a1e-8b29-7f9741208d4f,50,gpt-4.1-mini,gpt-4o-mini,26,B,B,7,False,True,439,0,50,48,
2025-12-16T22:17:51.682288,a9bbab45-ae7c-4a1e-8b29-7f9741208d4f,50,gpt-4.1-mini,gpt-4o-mini,27,A,A,7,False,False,420,432,60,48,
2025-12-16T22:17:51.682288,a9bbab45-ae7c-4a1e-8b29-7f9741208d4f,50,gpt-4.1-mini,gpt-4o-mini,28,B,B,7,False,True,436,0,60,49,
2025-12-16T22:17:51.682288,a9bbab45-ae7c-4a1e-8b29-7f9741208d4f,50,gpt-4.1-mini,gpt-4o-mini,29,A,A,7,False,False,421,426,70,49,
2025-12-16T22:17:51.682288,a9bbab45-ae7c-4a1e-8b29-7f9741208d4f,50,gpt-4.1-mini,gpt-4o-mini,30,B,B,9,False,False,562,526,70,59,
2025-12-16T22:17:51.682288,a9bbab45-ae7c-4a1e-8b29-7f9741208d4f,50,gpt-4.1-mini,gpt-4o-mini,31,A,A,7,False,False,420,429,80,59,
2025-12-16T22:17:51.682288,a9bbab45-ae7c-4a1e-8b29-7f9741208d4f,50,gpt-4.1-mini,gpt-4o-mini,32,B,B,7,False,True,438,0,80,61,
2025-12-16T22:17:51.682288,a9bbab45-ae7c-4a1e-8b29-7f9741208d4f,50,gpt-4.1-mini,gpt-4o-mini,33,B,A,6,False,True,293,0,80,62,4.1 mini invalid move (4.1 mini selected an occupied square.); restart #1.
2025-12-16T22:17:51.682288,a9bbab45-ae7c-4a1e-8b29-7f9741208d4f,50,gpt-4.1-mini,gpt-4o-mini,34,B,B,7,False,False,439,411,80,72,
2025-12-16T22:17:51.682288,a9bbab45-ae7c-4a1e-8b29-7f9741208d4f,50,gpt-4.1-mini,gpt-4o-mini,35,B,A,6,False,True,295,0,80,72,
2025-12-16T22:17:51.682288,a9bbab45-ae7c-4a1e-8b29-7f9741208d4f,50,gpt-4.1-mini,gpt-4o-mini,36,B,B,7,False,True,436,0,80,72,
2025-12-16T22:17:51.682288,a9bbab45-ae7c-4a1e-8b29-7f9741208d4f,50,gpt-4.1-mini,gpt-4o-mini,37,B,A,6,False,False,290,428,80,82,
2025-12-16T22:17:51.682288,a9bbab45-ae7c-4a1e-8b29-7f9741208d4f,50,gpt-4.1-mini,gpt-4o-mini,38,A,B,8,True,False,0,409,80,82,
2025-12-16T22:17:51.682288,a9bbab45-ae7c-4a1e-8b29-7f9741208d4f,50,gpt-4.1-mini,gpt-4o-mini,39,A,A,7,True,False,0,429,80,82,
2025-12-16T22:17:51.682288,a9bbab45-ae7c-4a1e-8b29-7f9741208d4f,50,gpt-4.1-mini,gpt-4o-mini,40,A,B,8,True,False,0,410,80,82,
2025-12-16T22:17:51.682288,a9bbab45-ae7c-4a1e-8b29-7f9741208d4f,50,gpt-4.1-mini,gpt-4o-mini,41,A,A,7,True,False,0,426,80,82,
2025-12-16T22:17:51.682288,a9bbab45-ae7c-4a1e-8b29-7f9741208d4f,50,gpt-4.1-mini,gpt-4o-mini,42,A,B,6,True,False,0,285,80,82,
2025-12-16T22:17:51.682288,a9bbab45-ae7c-4a1e-8b29-7f9741208d4f,50,gpt-4.1-mini,gpt-4o-mini,43,A,A,7,True,False,0,427,80,82,
2025-12-16T22:17:51.682288,a9bbab45-ae7c-4a1e-8b29-7f9741208d4f,50,gpt-4.1-mini,gpt-4o-mini,44,A,B,6,True,False,0,287,80,82,
2025-12-16T22:17:51.682288,a9bbab45-ae7c-4a1e-8b29-7f9741208d4f,50,gpt-4.1-mini,gpt-4o-mini,45,A,A,7,True,False,0,427,80,82,
2025-12-16T22:17:51.682288,a9bbab45-ae7c-4a1e-8b29-7f9741208d4f,50,gpt-4.1-mini,gpt-4o-mini,46,A,B,8,True,False,0,409,80,82,
2025-12-16T22:17:51.682288,a9bbab45-ae7c-4a1e-8b29-7f9741208d4f,50,gpt-4.1-mini,gpt-4o-mini,47,A,A,7,True,False,0,427,80,82,
2025-12-16T22:17:51.682288,a9bbab45-ae7c-4a1e-8b29-7f9741208d4f,50,gpt-4.1-mini,gpt-4o-mini,48,Draw,B,9,True,False,0,531,70,82,
2025-12-16T22:17:51.682288,a9bbab45-ae7c-4a1e-8b29-7f9741208d4f,50,gpt-4.1-mini,gpt-4o-mini,49,A,A,7,True,False,0,426,71,82,
2025-12-16T22:17:51.682288,a9bbab45-ae7c-4a1e-8b29-7f9741208d4f,50,gpt-4.1-mini,gpt-4o-mini,50,Draw,B,9,True,False,0,523,62,82,
2025-12-16T22:32:45.913907,cd53f589-c0c1-4a72-9b67-bb3f0ca58368,50,gpt-4o-mini,gpt-5.1,1,A,A,7,False,False,411,460,10,0,
2025-12-16T22:32:45.913907,cd53f589-c0c1-4a72-9b67-bb3f0ca58368,50,gpt-4o-mini,gpt-5.1,2,B,B,9,False,False,551,569,10,10,
2025-12-16T22:32:45.913907,cd53f589-c0c1-4a72-9b67-bb3f0ca58368,50,gpt-4o-mini,gpt-5.1,3,B,A,8,False,False,409,590,10,20,
2025-12-16T22:32:45.913907,cd53f589-c0c1-4a72-9b67-bb3f0ca58368,50,gpt-4o-mini,gpt-5.1,4,B,B,7,False,False,427,442,10,30,
2025-12-16T22:32:45.913907,cd53f589-c0c1-4a72-9b67-bb3f0ca58368,50,gpt-4o-mini,gpt-5.1,5,B,A,6,False,False,284,460,10,40,
2025-12-16T22:32:45.913907,cd53f589-c0c1-4a72-9b67-bb3f0ca58368,50,gpt-4o-mini,gpt-5.1,6,B,B,5,False,False,298,308,10,50,
2025-12-16T22:32:45.913907,cd53f589-c0c1-4a72-9b67-bb3f0ca58368,50,gpt-4o-mini,gpt-5.1,7,A,A,7,False,False,410,460,20,50,
2025-12-16T22:32:45.913907,cd53f589-c0c1-4a72-9b67-bb3f0ca58368,50,gpt-4o-mini,gpt-5.1,8,B,B,5,False,False,296,306,20,60,
2025-12-16T22:32:45.913907,cd53f589-c0c1-4a72-9b67-bb3f0ca58368,50,gpt-4o-mini,gpt-5.1,9,A,A,7,False,False,411,460,30,60,
2025-12-16T22:32:45.913907,cd53f589-c0c1-4a72-9b67-bb3f0ca58368,50,gpt-4o-mini,gpt-5.1,10,B,B,5,False,False,296,307,30,70,
2025-12-16T22:32:45.913907,cd53f589-c0c1-4a72-9b67-bb3f0ca58368,50,gpt-4o-mini,gpt-5.1,11,A,A,7,False,False,413,464,40,70,
2025-12-16T22:32:45.913907,cd53f589-c0c1-4a72-9b67-bb3f0ca58368,50,gpt-4o-mini,gpt-5.1,12,B,B,5,False,False,296,307,40,80,
2025-12-16T22:32:45.913907,cd53f589-c0c1-4a72-9b67-bb3f0ca58368,50,gpt-4o-mini,gpt-5.1,13,B,A,8,False,False,409,590,40,90,
2025-12-16T22:32:45.913907,cd53f589-c0c1-4a72-9b67-bb3f0ca58368,50,gpt-4o-mini,gpt-5.1,14,B,B,9,False,False,545,566,40,100,
2025-12-16T22:32:45.913907,cd53f589-c0c1-4a72-9b67-bb3f0ca58368,50,gpt-4o-mini,gpt-5.1,15,B,A,8,False,False,412,593,40,110,
2025-12-16T22:32:45.913907,cd53f589-c0c1-4a72-9b67-bb3f0ca58368,50,gpt-4o-mini,gpt-5.1,16,B,B,7,False,False,427,442,40,120,
2025-12-16T22:32:45.913907,cd53f589-c0c1-4a72-9b67-bb3f0ca58368,50,gpt-4o-mini,gpt-5.1,17,A,A,9,False,False,523,590,50,120,
2025-12-16T22:32:45.913907,cd53f589-c0c1-4a72-9b67-bb3f0ca58368,50,gpt-4o-mini,gpt-5.1,18,B,B,5,False,False,299,306,50,130,
2025-12-16T22:32:45.913907,cd53f589-c0c1-4a72-9b67-bb3f0ca58368,50,gpt-4o-mini,gpt-5.1,19,A,A,7,False,False,411,460,60,130,
2025-12-16T22:32:45.913907,cd53f589-c0c1-4a72-9b67-bb3f0ca58368,50,gpt-4o-mini,gpt-5.1,20,Draw,B,9,False,False,552,570,60,130,
2025-12-16T22:32:45.913907,cd53f589-c0c1-4a72-9b67-bb3f0ca58368,50,gpt-4o-mini,gpt-5.1,21,A,A,9,False,False,523,590,70,130,
2025-12-16T22:32:45.913907,cd53f589-c0c1-4a72-9b67-bb3f0ca58368,50,gpt-4o-mini,gpt-5.1,22,B,B,7,False,False,427,442,70,140,
2025-12-16T22:32:45.913907,cd53f589-c0c1-4a72-9b67-bb3f0ca58368,50,gpt-4o-mini,gpt-5.1,23,B,A,6,False,False,284,460,70,150,
2025-12-16T22:32:45.913907,cd53f589-c0c1-4a72-9b67-bb3f0ca58368,50,gpt-4o-mini,gpt-5.1,24,B,B,7,False,False,433,446,70,160,
2025-12-16T22:32:45.913907,cd53f589-c0c1-4a72-9b67-bb3f0ca58368,50,gpt-4o-mini,gpt-5.1,25,A,A,7,False,False,410,460,80,160,
2025-12-16T22:32:45.913907,cd53f589-c0c1-4a72-9b67-bb3f0ca58368,50,gpt-4o-mini,gpt-5.1,26,B,B,5,False,False,296,306,80,170,
2025-12-16T22:32:45.913907,cd53f589-c0c1-4a72-9b67-bb3f0ca58368,50,gpt-4o-mini,gpt-5.1,27,A,A,7,False,False,411,460,90,170,
2025-12-16T22:32:45.913907,cd53f589-c0c1-4a72-9b67-bb3f0ca58368,50,gpt-4o-mini,gpt-5.1,28,B,B,5,False,False,296,307,90,180,
2025-12-16T22:32:45.913907,cd53f589-c0c1-4a72-9b67-bb3f0ca58368,50,gpt-4o-mini,gpt-5.1,29,A,A,7,False,False,412,463,100,180,
2025-12-16T22:32:45.913907,cd53f589-c0c1-4a72-9b67-bb3f0ca58368,50,gpt-4o-mini,gpt-5.1,30,B,B,5,False,False,296,307,100,190,
2025-12-16T22:32:45.913907,cd53f589-c0c1-4a72-9b67-bb3f0ca58368,50,gpt-4o-mini,gpt-5.1,31,B,A,8,False,False,409,591,100,200,
2025-12-16T22:32:45.913907,cd53f589-c0c1-4a72-9b67-bb3f0ca58368,50,gpt-4o-mini,gpt-5.1,32,A,B,8,False,False,546,442,110,200,
2025-12-16T22:32:45.913907,cd53f589-c0c1-4a72-9b67-bb3f0ca58368,50,gpt-4o-mini,gpt-5.1,33,B,A,8,False,False,412,593,110,210,
2025-12-16T22:32:45.913907,cd53f589-c0c1-4a72-9b67-bb3f0ca58368,50,gpt-4o-mini,gpt-5.1,34,B,B,7,False,False,427,442,110,220,
2025-12-16T22:32:45.913907,cd53f589-c0c1-4a72-9b67-bb3f0ca58368,50,gpt-4o-mini,gpt-5.1,35,A,A,9,False,False,523,590,120,220,
2025-12-16T22:32:45.913907,cd53f589-c0c1-4a72-9b67-bb3f0ca58368,50,gpt-4o-mini,gpt-5.1,36,B,B,5,False,False,299,306,120,230,
2025-12-16T22:32:45.913907,cd53f589-c0c1-4a72-9b67-bb3f0ca58368,50,gpt-4o-mini,gpt-5.1,37,A,A,7,False,False,411,460,130,230,
2025-12-16T22:32:45.913907,cd53f589-c0c1-4a72-9b67-bb3f0ca58368,50,gpt-4o-mini,gpt-5.1,38,B,B,7,False,False,429,444,130,240,
2025-12-16T22:32:45.913907,cd53f589-c0c1-4a72-9b67-bb3f0ca58368,50,gpt-4o-mini,gpt-5.1,39,Draw,A,9,False,False,523,591,130,240,
2025-12-16T22:32:45.913907,cd53f589-c0c1-4a72-9b67-bb3f0ca58368,50,gpt-4o-mini,gpt-5.1,40,Draw,B,9,False,False,550,568,130,240,
2025-12-16T22:32:45.913907,cd53f589-c0c1-4a72-9b67-bb3f0ca58368,50,gpt-4o-mini,gpt-5.1,41,B,A,6,False,False,287,460,130,250,
2025-12-16T22:32:45.913907,cd53f589-c0c1-4a72-9b67-bb3f0ca58368,50,gpt-4o-mini,gpt-5.1,42,B,B,7,False,False,430,446,130,260,
2025-12-16T22:32:45.913907,cd53f589-c0c1-4a72-9b67-bb3f0ca58368,50,gpt-4o-mini,gpt-5.1,43,A,A,7,False,False,410,460,140,260,
2025-12-16T22:32:45.913907,cd53f589-c0c1-4a72-9b67-bb3f0ca58368,50,gpt-4o-mini,gpt-5.1,44,B,B,5,False,False,296,306,140,270,
2025-12-16T22:32:45.913907,cd53f589-c0c1-4a72-9b67-bb3f0ca58368,50,gpt-4o-mini,gpt-5.1,45,A,A,7,False,False,411,460,150,270,
2025-12-16T22:32:45.913907,cd53f589-c0c1-4a72-9b67-bb3f0ca58368,50,gpt-4o-mini,gpt-5.1,46,B,B,5,False,False,296,307,150,280,
2025-12-16T22:32:45.913907,cd53f589-c0c1-4a72-9b67-bb3f0ca58368,50,gpt-4o-mini,gpt-5.1,47,A,A,7,False,False,412,463,160,280,
2025-12-16T22:32:45.913907,cd53f589-c0c1-4a72-9b67-bb3f0ca58368,50,gpt-4o-mini,gpt-5.1,48,B,B,7,False,False,427,442,160,290,
2025-12-16T22:32:45.913907,cd53f589-c0c1-4a72-9b67-bb3f0ca58368,50,gpt-4o-mini,gpt-5.1,49,B,A,8,False,False,409,591,160,300,
2025-12-16T22:32:45.913907,cd53f589-c0c1-4a72-9b67-bb3f0ca58368,50,gpt-4o-mini,gpt-5.1,50,B,B,7,False,False,427,442,160,310,
2025-12-16T22:38:12.401021,4d6fe301-9746-40bf-8a68-d01aea606eb9,50,gpt-4o-mini,gpt-5.2,1,B,A,8,False,False,409,554,0,10,
2025-12-16T22:38:12.401021,4d6fe301-9746-40bf-8a68-d01aea606eb9,50,gpt-4o-mini,gpt-5.2,2,B,B,7,False,False,430,416,0,20,
2025-12-16T22:38:12.401021,4d6fe301-9746-40bf-8a68-d01aea606eb9,50,gpt-4o-mini,gpt-5.2,3,Draw,A,9,False,False,527,558,0,20,
2025-12-16T22:38:12.401021,4d6fe301-9746-40bf-8a68-d01aea606eb9,50,gpt-4o-mini,gpt-5.2,4,B,B,7,False,False,427,415,0,30,
2025-12-16T22:38:12.401021,4d6fe301-9746-40bf-8a68-d01aea606eb9,50,gpt-4o-mini,gpt-5.2,5,B,A,8,False,False,413,559,0,40,
2025-12-16T22:38:12.401021,4d6fe301-9746-40bf-8a68-d01aea606eb9,50,gpt-4o-mini,gpt-5.2,6,B,B,5,False,False,299,288,0,50,
2025-12-16T22:38:12.401021,4d6fe301-9746-40bf-8a68-d01aea606eb9,50,gpt-4o-mini,gpt-5.2,7,B,A,6,False,False,285,433,0,60,
2025-12-16T22:38:12.401021,4d6fe301-9746-40bf-8a68-d01aea606eb9,50,gpt-4o-mini,gpt-5.2,8,B,B,5,False,False,296,288,0,70,
2025-12-16T22:38:12.401021,4d6fe301-9746-40bf-8a68-d01aea606eb9,50,gpt-4o-mini,gpt-5.2,9,B,A,6,False,False,285,434,0,80,
2025-12-16T22:38:12.401021,4d6fe301-9746-40bf-8a68-d01aea606eb9,50,gpt-4o-mini,gpt-5.2,10,B,B,5,False,False,297,289,0,90,
2025-12-16T22:38:12.401021,4d6fe301-9746-40bf-8a68-d01aea606eb9,50,gpt-4o-mini,gpt-5.2,11,B,A,8,False,False,409,555,0,100,
2025-12-16T22:38:12.401021,4d6fe301-9746-40bf-8a68-d01aea606eb9,50,gpt-4o-mini,gpt-5.2,12,B,B,7,False,False,433,418,0,110,
2025-12-16T22:38:12.401021,4d6fe301-9746-40bf-8a68-d01aea606eb9,50,gpt-4o-mini,gpt-5.2,13,B,A,8,False,False,410,554,0,120,
2025-12-16T22:38:12.401021,4d6fe301-9746-40bf-8a68-d01aea606eb9,50,gpt-4o-mini,gpt-5.2,14,B,B,5,False,False,301,290,0,130,
2025-12-16T22:38:12.401021,4d6fe301-9746-40bf-8a68-d01aea606eb9,50,gpt-4o-mini,gpt-5.2,15,B,A,6,False,False,288,433,0,140,
2025-12-16T22:38:12.401021,4d6fe301-9746-40bf-8a68-d01aea606eb9,50,gpt-4o-mini,gpt-5.2,16,B,B,5,False,False,296,289,0,150,
2025-12-16T22:38:12.401021,4d6fe301-9746-40bf-8a68-d01aea606eb9,50,gpt-4o-mini,gpt-5.2,17,B,A,8,False,False,409,554,0,160,
2025-12-16T22:38:12.401021,4d6fe301-9746-40bf-8a68-d01aea606eb9,50,gpt-4o-mini,gpt-5.2,18,B,B,7,False,False,427,415,0,170,
2025-12-16T22:38:12.401021,4d6fe301-9746-40bf-8a68-d01aea606eb9,50,gpt-4o-mini,gpt-5.2,19,Draw,A,9,False,False,524,555,0,170,
2025-12-16T22:38:12.401021,4d6fe301-9746-40bf-8a68-d01aea606eb9,50,gpt-4o-mini,gpt-5.2,20,Draw,B,9,False,False,550,532,0,170,
2025-12-16T22:38:12.401021,4d6fe301-9746-40bf-8a68-d01aea606eb9,50,gpt-4o-mini,gpt-5.2,21,Draw,A,9,False,False,527,558,0,170,
2025-12-16T22:38:12.401021,4d6fe301-9746-40bf-8a68-d01aea606eb9,50,gpt-4o-mini,gpt-5.2,22,A,B,8,False,False,546,415,10,170,
2025-12-16T22:38:12.401021,4d6fe301-9746-40bf-8a68-d01aea606eb9,50,gpt-4o-mini,gpt-5.2,23,B,A,6,False,False,286,435,10,180,
2025-12-16T22:38:12.401021,4d6fe301-9746-40bf-8a68-d01aea606eb9,50,gpt-4o-mini,gpt-5.2,24,B,B,5,False,False,299,288,10,190,
2025-12-16T22:38:12.401021,4d6fe301-9746-40bf-8a68-d01aea606eb9,50,gpt-4o-mini,gpt-5.2,25,B,A,6,False,False,285,433,10,200,
2025-12-16T22:38:12.401021,4d6fe301-9746-40bf-8a68-d01aea606eb9,50,gpt-4o-mini,gpt-5.2,26,B,B,5,False,False,296,288,10,210,
2025-12-16T22:38:12.401021,4d6fe301-9746-40bf-8a68-d01aea606eb9,50,gpt-4o-mini,gpt-5.2,27,B,A,6,False,False,285,434,10,220,
2025-12-16T22:38:12.401021,4d6fe301-9746-40bf-8a68-d01aea606eb9,50,gpt-4o-mini,gpt-5.2,28,B,B,5,False,False,297,289,10,230,
2025-12-16T22:38:12.401021,4d6fe301-9746-40bf-8a68-d01aea606eb9,50,gpt-4o-mini,gpt-5.2,29,B,A,8,False,False,409,555,10,240,
2025-12-16T22:38:12.401021,4d6fe301-9746-40bf-8a68-d01aea606eb9,50,gpt-4o-mini,gpt-5.2,30,B,B,7,False,False,430,418,10,250,
2025-12-16T22:38:12.401021,4d6fe301-9746-40bf-8a68-d01aea606eb9,50,gpt-4o-mini,gpt-5.2,31,B,A,8,False,False,413,554,10,260,
2025-12-16T22:38:12.401021,4d6fe301-9746-40bf-8a68-d01aea606eb9,50,gpt-4o-mini,gpt-5.2,32,B,B,5,False,False,301,290,10,270,
2025-12-16T22:38:12.401021,4d6fe301-9746-40bf-8a68-d01aea606eb9,50,gpt-4o-mini,gpt-5.2,33,B,A,6,False,False,285,433,10,280,
2025-12-16T22:38:12.401021,4d6fe301-9746-40bf-8a68-d01aea606eb9,50,gpt-4o-mini,gpt-5.2,34,B,B,5,False,False,296,289,10,290,
2025-12-16T22:38:12.401021,4d6fe301-9746-40bf-8a68-d01aea606eb9,50,gpt-4o-mini,gpt-5.2,35,B,A,8,False,False,409,554,10,300,
2025-12-16T22:38:12.401021,4d6fe301-9746-40bf-8a68-d01aea606eb9,50,gpt-4o-mini,gpt-5.2,36,B,B,7,False,False,427,415,10,310,
2025-12-16T22:38:12.401021,4d6fe301-9746-40bf-8a68-d01aea606eb9,50,gpt-4o-mini,gpt-5.2,37,A,A,9,False,False,524,555,20,310,
2025-12-16T22:38:12.401021,4d6fe301-9746-40bf-8a68-d01aea606eb9,50,gpt-4o-mini,gpt-5.2,38,B,B,5,False,False,296,288,20,320,
2025-12-16T22:38:12.401021,4d6fe301-9746-40bf-8a68-d01aea606eb9,50,gpt-4o-mini,gpt-5.2,39,Draw,A,9,False,False,527,558,20,320,
2025-12-16T22:38:12.401021,4d6fe301-9746-40bf-8a68-d01aea606eb9,50,gpt-4o-mini,gpt-5.2,40,A,B,8,False,False,546,415,30,320,
2025-12-16T22:38:12.401021,4d6fe301-9746-40bf-8a68-d01aea606eb9,50,gpt-4o-mini,gpt-5.2,41,B,A,6,False,False,286,435,30,330,
2025-12-16T22:38:12.401021,4d6fe301-9746-40bf-8a68-d01aea606eb9,50,gpt-4o-mini,gpt-5.2,42,B,B,5,False,False,296,289,30,340,
2025-12-16T22:38:12.401021,4d6fe301-9746-40bf-8a68-d01aea606eb9,50,gpt-4o-mini,gpt-5.2,43,B,A,6,False,False,285,433,30,350,
2025-12-16T22:38:12.401021,4d6fe301-9746-40bf-8a68-d01aea606eb9,50,gpt-4o-mini,gpt-5.2,44,B,B,5,False,False,296,288,30,360,
2025-12-16T22:38:12.401021,4d6fe301-9746-40bf-8a68-d01aea606eb9,50,gpt-4o-mini,gpt-5.2,45,B,A,6,False,False,285,434,30,370,
2025-12-16T22:38:12.401021,4d6fe301-9746-40bf-8a68-d01aea606eb9,50,gpt-4o-mini,gpt-5.2,46,B,B,5,False,False,297,289,30,380,
2025-12-16T22:38:12.401021,4d6fe301-9746-40bf-8a68-d01aea606eb9,50,gpt-4o-mini,gpt-5.2,47,B,A,8,False,False,409,555,30,390,
2025-12-16T22:38:12.401021,4d6fe301-9746-40bf-8a68-d01aea606eb9,50,gpt-4o-mini,gpt-5.2,48,B,B,7,False,False,430,418,30,400,
2025-12-16T22:38:12.401021,4d6fe301-9746-40bf-8a68-d01aea606eb9,50,gpt-4o-mini,gpt-5.2,49,B,A,8,False,False,413,554,30,410,
2025-12-16T22:38:12.401021,4d6fe301-9746-40bf-8a68-d01aea606eb9,50,gpt-4o-mini,gpt-5.2,50,A,B,6,False,False,432,290,40,410,
2025-12-16T22:45:59.266407,64be6bf5-7b33-4df0-9d3d-dc7b858eb42a,50,gpt-4o-mini,gpt-5.2,1,B,A,8,False,False,410,554,0,10,
2025-12-16T22:45:59.266407,64be6bf5-7b33-4df0-9d3d-dc7b858eb42a,50,gpt-4o-mini,gpt-5.2,2,B,B,5,False,False,297,289,0,20,
2025-12-16T22:45:59.266407,64be6bf5-7b33-4df0-9d3d-dc7b858eb42a,50,gpt-4o-mini,gpt-5.2,3,B,A,6,False,False,284,432,0,30,
2025-12-16T22:45:59.266407,64be6bf5-7b33-4df0-9d3d-dc7b858eb42a,50,gpt-4o-mini,gpt-5.2,4,B,B,7,False,False,427,415,0,40,
2025-12-16T22:45:59.266407,64be6bf5-7b33-4df0-9d3d-dc7b858eb42a,50,gpt-4o-mini,gpt-5.2,5,B,A,8,False,False,409,554,0,50,
2025-12-16T22:45:59.266407,64be6bf5-7b33-4df0-9d3d-dc7b858eb42a,50,gpt-4o-mini,gpt-5.2,6,B,B,7,False,False,430,418,0,60,
2025-12-16T22:45:59.266407,64be6bf5-7b33-4df0-9d3d-dc7b858eb42a,50,gpt-4o-mini,gpt-5.2,7,B,A,6,False,False,286,435,0,70,
2025-12-16T22:45:59.266407,64be6bf5-7b33-4df0-9d3d-dc7b858eb42a,50,gpt-4o-mini,gpt-5.2,8,B,B,5,False,False,296,289,0,80,
2025-12-16T22:45:59.266407,64be6bf5-7b33-4df0-9d3d-dc7b858eb42a,50,gpt-4o-mini,gpt-5.2,9,B,A,6,False,False,288,434,0,90,
2025-12-16T22:45:59.266407,64be6bf5-7b33-4df0-9d3d-dc7b858eb42a,50,gpt-4o-mini,gpt-5.2,10,B,B,7,False,False,427,415,0,100,
2025-12-16T22:45:59.266407,64be6bf5-7b33-4df0-9d3d-dc7b858eb42a,50,gpt-4o-mini,gpt-5.2,11,Draw,A,9,False,False,524,555,0,100,
2025-12-16T22:45:59.266407,64be6bf5-7b33-4df0-9d3d-dc7b858eb42a,50,gpt-4o-mini,gpt-5.2,12,B,B,7,False,False,427,415,0,110,
2025-12-16T22:45:59.266407,64be6bf5-7b33-4df0-9d3d-dc7b858eb42a,50,gpt-4o-mini,gpt-5.2,13,B,A,8,False,False,409,555,0,120,
2025-12-16T22:45:59.266407,64be6bf5-7b33-4df0-9d3d-dc7b858eb42a,50,gpt-4o-mini,gpt-5.2,14,B,B,5,False,False,296,288,0,130,
2025-12-16T22:45:59.266407,64be6bf5-7b33-4df0-9d3d-dc7b858eb42a,50,gpt-4o-mini,gpt-5.2,15,Draw,A,9,False,False,527,558,0,130,
2025-12-16T22:45:59.266407,64be6bf5-7b33-4df0-9d3d-dc7b858eb42a,50,gpt-4o-mini,gpt-5.2,16,B,B,7,False,False,432,417,0,140,
2025-12-16T22:45:59.266407,64be6bf5-7b33-4df0-9d3d-dc7b858eb42a,50,gpt-4o-mini,gpt-5.2,17,B,A,6,False,False,285,433,0,150,
2025-12-16T22:45:59.266407,64be6bf5-7b33-4df0-9d3d-dc7b858eb42a,50,gpt-4o-mini,gpt-5.2,18,B,B,5,False,False,299,288,0,160,
2025-12-16T22:45:59.266407,64be6bf5-7b33-4df0-9d3d-dc7b858eb42a,50,gpt-4o-mini,gpt-5.2,19,B,A,6,False,False,287,433,0,170,
2025-12-16T22:45:59.266407,64be6bf5-7b33-4df0-9d3d-dc7b858eb42a,50,gpt-4o-mini,gpt-5.2,20,B,B,5,False,False,297,289,0,180,
2025-12-16T22:45:59.266407,64be6bf5-7b33-4df0-9d3d-dc7b858eb42a,50,gpt-4o-mini,gpt-5.2,21,B,A,6,False,False,284,432,0,190,
2025-12-16T22:45:59.266407,64be6bf5-7b33-4df0-9d3d-dc7b858eb42a,50,gpt-4o-mini,gpt-5.2,22,Draw,B,9,False,False,550,532,0,190,
2025-12-16T22:45:59.266407,64be6bf5-7b33-4df0-9d3d-dc7b858eb42a,50,gpt-4o-mini,gpt-5.2,23,B,A,8,False,False,409,554,0,200,
2025-12-16T22:45:59.266407,64be6bf5-7b33-4df0-9d3d-dc7b858eb42a,50,gpt-4o-mini,gpt-5.2,24,B,B,7,False,False,573,418,0,210,
2025-12-16T22:45:59.266407,64be6bf5-7b33-4df0-9d3d-dc7b858eb42a,50,gpt-4o-mini,gpt-5.2,25,Draw,A,9,False,False,527,559,0,210,
2025-12-16T22:45:59.266407,64be6bf5-7b33-4df0-9d3d-dc7b858eb42a,50,gpt-4o-mini,gpt-5.2,26,A,B,8,False,False,548,415,10,210,
2025-12-16T22:45:59.266407,64be6bf5-7b33-4df0-9d3d-dc7b858eb42a,50,gpt-4o-mini,gpt-5.2,27,A,A,7,True,False,0,433,19,210,
2025-12-16T22:45:59.266407,64be6bf5-7b33-4df0-9d3d-dc7b858eb42a,50,gpt-4o-mini,gpt-5.2,28,A,B,8,True,False,0,414,28,210,
2025-12-16T22:45:59.266407,64be6bf5-7b33-4df0-9d3d-dc7b858eb42a,50,gpt-4o-mini,gpt-5.2,29,Draw,A,9,True,False,0,554,27,210,
2025-12-16T22:45:59.266407,64be6bf5-7b33-4df0-9d3d-dc7b858eb42a,50,gpt-4o-mini,gpt-5.2,30,Draw,B,9,True,False,0,531,26,210,
2025-12-16T22:45:59.266407,64be6bf5-7b33-4df0-9d3d-dc7b858eb42a,50,gpt-4o-mini,gpt-5.2,31,A,A,7,True,False,0,433,35,210,
2025-12-16T22:45:59.266407,64be6bf5-7b33-4df0-9d3d-dc7b858eb42a,50,gpt-4o-mini,gpt-5.2,32,A,B,8,True,False,0,416,44,210,
2025-12-16T22:45:59.266407,64be6bf5-7b33-4df0-9d3d-dc7b858eb42a,50,gpt-4o-mini,gpt-5.2,33,A,A,7,True,False,0,436,53,210,
2025-12-16T22:45:59.266407,64be6bf5-7b33-4df0-9d3d-dc7b858eb42a,50,gpt-4o-mini,gpt-5.2,34,A,B,8,True,False,0,417,62,210,
2025-12-16T22:45:59.266407,64be6bf5-7b33-4df0-9d3d-dc7b858eb42a,50,gpt-4o-mini,gpt-5.2,35,A,A,7,True,False,0,433,71,210,
2025-12-16T22:45:59.266407,64be6bf5-7b33-4df0-9d3d-dc7b858eb42a,50,gpt-4o-mini,gpt-5.2,36,Draw,B,9,True,False,0,531,70,210,
2025-12-16T22:45:59.266407,64be6bf5-7b33-4df0-9d3d-dc7b858eb42a,50,gpt-4o-mini,gpt-5.2,37,A,A,7,True,False,0,433,79,210,
2025-12-16T22:45:59.266407,64be6bf5-7b33-4df0-9d3d-dc7b858eb42a,50,gpt-4o-mini,gpt-5.2,38,A,B,6,True,False,0,289,88,210,
2025-12-16T22:45:59.266407,64be6bf5-7b33-4df0-9d3d-dc7b858eb42a,50,gpt-4o-mini,gpt-5.2,39,A,A,7,True,False,0,433,97,210,
2025-12-16T22:45:59.266407,64be6bf5-7b33-4df0-9d3d-dc7b858eb42a,50,gpt-4o-mini,gpt-5.2,40,Draw,B,9,True,False,0,532,96,210,
2025-12-16T22:45:59.266407,64be6bf5-7b33-4df0-9d3d-dc7b858eb42a,50,gpt-4o-mini,gpt-5.2,41,Draw,A,9,True,False,0,554,95,210,
2025-12-16T22:45:59.266407,64be6bf5-7b33-4df0-9d3d-dc7b858eb42a,50,gpt-4o-mini,gpt-5.2,42,A,B,8,True,False,0,420,104,210,
2025-12-16T22:45:59.266407,64be6bf5-7b33-4df0-9d3d-dc7b858eb42a,50,gpt-4o-mini,gpt-5.2,43,A,A,9,True,False,0,557,113,210,
2025-12-16T22:45:59.266407,64be6bf5-7b33-4df0-9d3d-dc7b858eb42a,50,gpt-4o-mini,gpt-5.2,44,Draw,B,9,True,False,0,532,112,210,
2025-12-16T22:45:59.266407,64be6bf5-7b33-4df0-9d3d-dc7b858eb42a,50,gpt-4o-mini,gpt-5.2,45,Draw,A,9,True,False,0,555,111,210,
2025-12-16T22:45:59.266407,64be6bf5-7b33-4df0-9d3d-dc7b858eb42a,50,gpt-4o-mini,gpt-5.2,46,A,B,8,True,False,0,414,120,210,
2025-12-16T22:45:59.266407,64be6bf5-7b33-4df0-9d3d-dc7b858eb42a,50,gpt-4o-mini,gpt-5.2,47,Draw,A,9,True,False,0,554,119,210,
2025-12-16T22:45:59.266407,64be6bf5-7b33-4df0-9d3d-dc7b858eb42a,50,gpt-4o-mini,gpt-5.2,48,Draw,B,9,True,False,0,531,118,210,
2025-12-16T22:45:59.266407,64be6bf5-7b33-4df0-9d3d-dc7b858eb42a,50,gpt-4o-mini,gpt-5.2,49,A,A,7,True,False,0,433,127,210,
2025-12-16T22:45:59.266407,64be6bf5-7b33-4df0-9d3d-dc7b858eb42a,50,gpt-4o-mini,gpt-5.2,50,A,B,8,True,False,0,416,135,210,
2025-12-16T23:46:40.446954,615bee51-8380-4534-843c-e7260cdc675a,30,gpt-4o-mini,gpt-4.1-mini,1,Draw,A,9,False,False,527,566,0,0,
2025-12-16T23:46:40.446954,615bee51-8380-4534-843c-e7260cdc675a,30,gpt-4o-mini,gpt-4.1-mini,2,B,B,7,False,False,428,416,0,10,
2025-12-16T23:46:40.446954,615bee51-8380-4534-843c-e7260cdc675a,30,gpt-4o-mini,gpt-4.1-mini,3,B,A,8,False,False,409,561,0,20,
2025-12-16T23:46:40.446954,615bee51-8380-4534-843c-e7260cdc675a,30,gpt-4o-mini,gpt-4.1-mini,4,B,B,7,False,False,428,419,0,30,
2025-12-16T23:46:40.446954,615bee51-8380-4534-843c-e7260cdc675a,30,gpt-4o-mini,gpt-4.1-mini,5,A,A,7,False,False,415,438,10,30,
2025-12-16T23:46:40.446954,615bee51-8380-4534-843c-e7260cdc675a,30,gpt-4o-mini,gpt-4.1-mini,6,B,B,7,False,False,430,422,10,40,
2025-12-16T23:46:40.446954,615bee51-8380-4534-843c-e7260cdc675a,30,gpt-4o-mini,gpt-4.1-mini,7,Draw,A,9,False,False,528,563,10,40,
2025-12-16T23:46:40.446954,615bee51-8380-4534-843c-e7260cdc675a,30,gpt-4o-mini,gpt-4.1-mini,8,B,B,5,False,False,300,290,10,50,4.1 mini invalid move (4.1 mini selected an occupied square.); restart #1.
2025-12-16T23:46:40.446954,615bee51-8380-4534-843c-e7260cdc675a,30,gpt-4o-mini,gpt-4.1-mini,9,Draw,A,9,True,False,0,565,4,50,
2025-12-16T23:46:40.446954,615bee51-8380-4534-843c-e7260cdc675a,30,gpt-4o-mini,gpt-4.1-mini,10,B,B,7,False,False,428,419,4,60,
2025-12-16T23:46:40.446954,615bee51-8380-4534-843c-e7260cdc675a,30,gpt-4o-mini,gpt-4.1-mini,11,A,A,9,False,False,521,561,14,60,
2025-12-16T23:46:40.446954,615bee51-8380-4534-843c-e7260cdc675a,30,gpt-4o-mini,gpt-4.1-mini,12,A,B,8,True,False,0,423,18,60,
2025-12-16T23:46:40.446954,615bee51-8380-4534-843c-e7260cdc675a,30,gpt-4o-mini,gpt-4.1-mini,13,A,A,5,True,False,0,306,22,60,
2025-12-16T23:46:40.446954,615bee51-8380-4534-843c-e7260cdc675a,30,gpt-4o-mini,gpt-4.1-mini,14,A,B,8,True,False,0,421,25,60,
2025-12-16T23:46:40.446954,615bee51-8380-4534-843c-e7260cdc675a,30,gpt-4o-mini,gpt-4.1-mini,15,B,A,6,False,False,284,439,25,70,
2025-12-16T23:46:40.446954,615bee51-8380-4534-843c-e7260cdc675a,30,gpt-4o-mini,gpt-4.1-mini,16,A,B,6,True,False,0,290,29,70,4.1 mini invalid move (4.1 mini selected an occupied square.); restart #1.
2025-12-16T23:46:40.446954,615bee51-8380-4534-843c-e7260cdc675a,30,gpt-4o-mini,gpt-4.1-mini,17,Draw,A,9,True,False,0,565,23,70,
2025-12-16T23:46:40.446954,615bee51-8380-4534-843c-e7260cdc675a,30,gpt-4o-mini,gpt-4.1-mini,18,A,B,6,True,False,0,293,27,70,
2025-12-16T23:46:40.446954,615bee51-8380-4534-843c-e7260cdc675a,30,gpt-4o-mini,gpt-4.1-mini,19,A,A,7,True,False,0,440,31,70,
2025-12-16T23:46:40.446954,615bee51-8380-4534-843c-e7260cdc675a,30,gpt-4o-mini,gpt-4.1-mini,20,A,B,8,True,False,0,423,34,70,
2025-12-16T23:46:40.446954,615bee51-8380-4534-843c-e7260cdc675a,30,gpt-4o-mini,gpt-4.1-mini,21,B,A,8,False,False,413,564,34,80,
2025-12-16T23:46:40.446954,615bee51-8380-4534-843c-e7260cdc675a,30,gpt-4o-mini,gpt-4.1-mini,22,A,B,8,True,False,0,421,38,80,
2025-12-16T23:46:40.446954,615bee51-8380-4534-843c-e7260cdc675a,30,gpt-4o-mini,gpt-4.1-mini,23,A,A,7,True,False,0,439,42,80,
2025-12-16T23:46:40.446954,615bee51-8380-4534-843c-e7260cdc675a,30,gpt-4o-mini,gpt-4.1-mini,24,A,B,6,True,False,0,293,45,80,4.1 mini invalid move (4.1 mini selected an occupied square.); restart #1.
2025-12-16T23:46:40.446954,615bee51-8380-4534-843c-e7260cdc675a,30,gpt-4o-mini,gpt-4.1-mini,25,Draw,A,9,False,False,527,566,45,80,
2025-12-16T23:46:40.446954,615bee51-8380-4534-843c-e7260cdc675a,30,gpt-4o-mini,gpt-4.1-mini,26,A,B,6,True,False,0,290,48,80,
2025-12-16T23:46:40.446954,615bee51-8380-4534-843c-e7260cdc675a,30,gpt-4o-mini,gpt-4.1-mini,27,A,A,7,True,False,0,441,51,80,
2025-12-16T23:46:40.446954,615bee51-8380-4534-843c-e7260cdc675a,30,gpt-4o-mini,gpt-4.1-mini,28,A,B,8,True,False,0,423,53,80,
2025-12-16T23:46:40.446954,615bee51-8380-4534-843c-e7260cdc675a,30,gpt-4o-mini,gpt-4.1-mini,29,A,A,5,True,False,0,303,55,80,
2025-12-16T23:46:40.446954,615bee51-8380-4534-843c-e7260cdc675a,30,gpt-4o-mini,gpt-4.1-mini,30,A,B,8,True,False,0,421,57,80,
2025-12-16T23:55:29.818912,3fc94078-2ce2-4ab5-b863-4d07bcf4d70e,30,gpt-4o-mini,gpt-4.1-mini,1,B,A,6,False,False,285,436,0,10,
2025-12-16T23:55:29.818912,3fc94078-2ce2-4ab5-b863-4d07bcf4d70e,30,gpt-4o-mini,gpt-4.1-mini,2,B,B,7,False,False,431,422,0,20,
2025-12-16T23:55:29.818912,3fc94078-2ce2-4ab5-b863-4d07bcf4d70e,30,gpt-4o-mini,gpt-4.1-mini,3,B,A,8,False,False,408,561,0,30,
2025-12-16T23:55:29.818912,3fc94078-2ce2-4ab5-b863-4d07bcf4d70e,30,gpt-4o-mini,gpt-4.1-mini,4,B,B,9,False,False,550,543,0,40,
2025-12-16T23:55:29.818912,3fc94078-2ce2-4ab5-b863-4d07bcf4d70e,30,gpt-4o-mini,gpt-4.1-mini,5,B,A,6,False,False,284,438,0,50,
2025-12-16T23:55:29.818912,3fc94078-2ce2-4ab5-b863-4d07bcf4d70e,30,gpt-4o-mini,gpt-4.1-mini,6,B,B,7,False,False,428,419,0,60,
2025-12-16T23:55:29.818912,3fc94078-2ce2-4ab5-b863-4d07bcf4d70e,30,gpt-4o-mini,gpt-4.1-mini,7,A,A,7,False,False,409,438,10,60,
2025-12-16T23:55:29.818912,3fc94078-2ce2-4ab5-b863-4d07bcf4d70e,30,gpt-4o-mini,gpt-4.1-mini,8,B,B,9,False,False,549,539,10,70,
2025-12-16T23:55:29.818912,3fc94078-2ce2-4ab5-b863-4d07bcf4d70e,30,gpt-4o-mini,gpt-4.1-mini,9,B,A,8,False,False,412,563,10,80,
2025-12-16T23:55:29.818912,3fc94078-2ce2-4ab5-b863-4d07bcf4d70e,30,gpt-4o-mini,gpt-4.1-mini,10,B,B,7,False,False,428,419,10,90,
2025-12-16T23:55:29.818912,3fc94078-2ce2-4ab5-b863-4d07bcf4d70e,30,gpt-4o-mini,gpt-4.1-mini,11,A,A,9,False,False,526,562,20,90,
2025-12-16T23:55:29.818912,3fc94078-2ce2-4ab5-b863-4d07bcf4d70e,30,gpt-4o-mini,gpt-4.1-mini,12,B,B,7,False,False,427,418,20,100,
2025-12-16T23:55:29.818912,3fc94078-2ce2-4ab5-b863-4d07bcf4d70e,30,gpt-4o-mini,gpt-4.1-mini,13,A,A,7,False,False,411,438,30,100,
2025-12-16T23:55:29.818912,3fc94078-2ce2-4ab5-b863-4d07bcf4d70e,30,gpt-4o-mini,gpt-4.1-mini,14,B,B,7,False,False,429,423,30,110,
2025-12-16T23:55:29.818912,3fc94078-2ce2-4ab5-b863-4d07bcf4d70e,30,gpt-4o-mini,gpt-4.1-mini,15,A,A,7,False,False,411,437,40,110,
2025-12-16T23:55:29.818912,3fc94078-2ce2-4ab5-b863-4d07bcf4d70e,30,gpt-4o-mini,gpt-4.1-mini,16,B,B,7,False,False,427,422,40,120,
2025-12-16T23:55:29.818912,3fc94078-2ce2-4ab5-b863-4d07bcf4d70e,30,gpt-4o-mini,gpt-4.1-mini,17,B,A,8,False,False,409,561,40,130,
2025-12-16T23:55:29.818912,3fc94078-2ce2-4ab5-b863-4d07bcf4d70e,30,gpt-4o-mini,gpt-4.1-mini,18,B,B,7,False,False,429,420,40,140,
2025-12-16T23:55:29.818912,3fc94078-2ce2-4ab5-b863-4d07bcf4d70e,30,gpt-4o-mini,gpt-4.1-mini,19,B,A,6,False,False,285,433,40,150,
2025-12-16T23:55:29.818912,3fc94078-2ce2-4ab5-b863-4d07bcf4d70e,30,gpt-4o-mini,gpt-4.1-mini,20,B,B,7,False,False,428,422,40,160,
2025-12-16T23:55:29.818912,3fc94078-2ce2-4ab5-b863-4d07bcf4d70e,30,gpt-4o-mini,gpt-4.1-mini,21,Draw,A,9,False,False,525,563,40,160,
2025-12-16T23:55:29.818912,3fc94078-2ce2-4ab5-b863-4d07bcf4d70e,30,gpt-4o-mini,gpt-4.1-mini,22,B,B,9,False,False,550,543,40,170,
2025-12-16T23:55:29.818912,3fc94078-2ce2-4ab5-b863-4d07bcf4d70e,30,gpt-4o-mini,gpt-4.1-mini,23,B,A,6,False,False,284,439,40,180,
2025-12-16T23:55:29.818912,3fc94078-2ce2-4ab5-b863-4d07bcf4d70e,30,gpt-4o-mini,gpt-4.1-mini,24,B,B,7,False,False,428,419,40,190,
2025-12-16T23:55:29.818912,3fc94078-2ce2-4ab5-b863-4d07bcf4d70e,30,gpt-4o-mini,gpt-4.1-mini,25,A,A,7,False,False,409,438,50,190,
2025-12-16T23:55:29.818912,3fc94078-2ce2-4ab5-b863-4d07bcf4d70e,30,gpt-4o-mini,gpt-4.1-mini,26,B,B,7,False,False,426,421,50,200,
2025-12-16T23:55:29.818912,3fc94078-2ce2-4ab5-b863-4d07bcf4d70e,30,gpt-4o-mini,gpt-4.1-mini,27,A,A,7,False,False,413,440,60,200,
2025-12-16T23:55:29.818912,3fc94078-2ce2-4ab5-b863-4d07bcf4d70e,30,gpt-4o-mini,gpt-4.1-mini,28,B,B,7,False,False,428,419,60,210,
2025-12-16T23:55:29.818912,3fc94078-2ce2-4ab5-b863-4d07bcf4d70e,30,gpt-4o-mini,gpt-4.1-mini,29,A,A,9,False,False,523,559,70,210,
2025-12-16T23:55:29.818912,3fc94078-2ce2-4ab5-b863-4d07bcf4d70e,30,gpt-4o-mini,gpt-4.1-mini,30,B,B,9,False,False,546,536,70,220,
2025-12-17T02:30:42.321466,ad1fe4be-cb8e-46fd-83e8-c0c0f87fcf95,50,gpt-4o-mini,gpt-4.1-mini,1,A,A,7,False,False,409,438,10,0,
2025-12-17T02:30:42.321466,ad1fe4be-cb8e-46fd-83e8-c0c0f87fcf95,50,gpt-4o-mini,gpt-4.1-mini,2,B,B,7,False,False,429,423,10,10,
2025-12-17T02:30:42.321466,ad1fe4be-cb8e-46fd-83e8-c0c0f87fcf95,50,gpt-4o-mini,gpt-4.1-mini,3,B,A,6,False,False,285,436,10,20,
2025-12-17T02:30:42.321466,ad1fe4be-cb8e-46fd-83e8-c0c0f87fcf95,50,gpt-4o-mini,gpt-4.1-mini,4,B,B,7,False,False,428,423,10,30,
2025-12-17T02:30:42.321466,ad1fe4be-cb8e-46fd-83e8-c0c0f87fcf95,50,gpt-4o-mini,gpt-4.1-mini,5,A,A,9,False,False,523,559,20,30,
2025-12-17T02:30:42.321466,ad1fe4be-cb8e-46fd-83e8-c0c0f87fcf95,50,gpt-4o-mini,gpt-4.1-mini,6,B,B,9,False,False,547,540,20,40,
2025-12-17T02:30:42.321466,ad1fe4be-cb8e-46fd-83e8-c0c0f87fcf95,50,gpt-4o-mini,gpt-4.1-mini,7,A,A,7,False,False,411,438,30,40,
2025-12-17T02:30:42.321466,ad1fe4be-cb8e-46fd-83e8-c0c0f87fcf95,50,gpt-4o-mini,gpt-4.1-mini,8,A,B,6,True,False,0,290,31,40,
2025-12-17T02:30:42.321466,ad1fe4be-cb8e-46fd-83e8-c0c0f87fcf95,50,gpt-4o-mini,gpt-4.1-mini,9,A,A,7,False,False,412,438,41,40,
2025-12-17T02:30:42.321466,ad1fe4be-cb8e-46fd-83e8-c0c0f87fcf95,50,gpt-4o-mini,gpt-4.1-mini,10,B,B,5,False,True,297,0,41,40,
2025-12-17T02:30:42.321466,ad1fe4be-cb8e-46fd-83e8-c0c0f87fcf95,50,gpt-4o-mini,gpt-4.1-mini,11,Draw,A,9,False,True,526,0,41,30,
2025-12-17T02:30:42.321466,ad1fe4be-cb8e-46fd-83e8-c0c0f87fcf95,50,gpt-4o-mini,gpt-4.1-mini,12,B,B,7,False,True,427,0,41,31,
2025-12-17T02:30:42.321466,ad1fe4be-cb8e-46fd-83e8-c0c0f87fcf95,50,gpt-4o-mini,gpt-4.1-mini,13,B,A,8,False,True,410,0,41,32,
2025-12-17T02:30:42.321466,ad1fe4be-cb8e-46fd-83e8-c0c0f87fcf95,50,gpt-4o-mini,gpt-4.1-mini,14,B,B,7,False,True,430,0,41,32,
2025-12-17T02:30:42.321466,ad1fe4be-cb8e-46fd-83e8-c0c0f87fcf95,50,gpt-4o-mini,gpt-4.1-mini,15,B,A,8,False,True,409,0,41,32,
2025-12-17T02:30:42.321466,ad1fe4be-cb8e-46fd-83e8-c0c0f87fcf95,50,gpt-4o-mini,gpt-4.1-mini,16,B,B,5,False,True,299,0,41,32,
2025-12-17T02:30:42.321466,ad1fe4be-cb8e-46fd-83e8-c0c0f87fcf95,50,gpt-4o-mini,gpt-4.1-mini,17,B,A,6,False,True,285,0,41,32,
2025-12-17T02:30:42.321466,ad1fe4be-cb8e-46fd-83e8-c0c0f87fcf95,50,gpt-4o-mini,gpt-4.1-mini,18,B,B,7,False,True,431,0,41,32,
2025-12-17T02:30:42.321466,ad1fe4be-cb8e-46fd-83e8-c0c0f87fcf95,50,gpt-4o-mini,gpt-4.1-mini,19,B,A,8,False,True,409,0,41,32,
2025-12-17T02:30:42.321466,ad1fe4be-cb8e-46fd-83e8-c0c0f87fcf95,50,gpt-4o-mini,gpt-4.1-mini,20,B,B,9,False,True,547,0,41,32,
2025-12-17T02:30:42.321466,ad1fe4be-cb8e-46fd-83e8-c0c0f87fcf95,50,gpt-4o-mini,gpt-4.1-mini,21,B,A,6,False,True,285,0,41,32,
2025-12-17T02:30:42.321466,ad1fe4be-cb8e-46fd-83e8-c0c0f87fcf95,50,gpt-4o-mini,gpt-4.1-mini,22,B,B,7,False,True,426,0,41,32,
2025-12-17T02:30:42.321466,ad1fe4be-cb8e-46fd-83e8-c0c0f87fcf95,50,gpt-4o-mini,gpt-4.1-mini,23,B,A,8,False,True,409,0,41,32,
2025-12-17T02:30:42.321466,ad1fe4be-cb8e-46fd-83e8-c0c0f87fcf95,50,gpt-4o-mini,gpt-4.1-mini,24,B,B,7,False,True,427,0,41,32,
2025-12-17T02:30:42.321466,ad1fe4be-cb8e-46fd-83e8-c0c0f87fcf95,50,gpt-4o-mini,gpt-4.1-mini,25,Draw,A,9,False,True,528,0,41,22,
2025-12-17T02:30:42.321466,ad1fe4be-cb8e-46fd-83e8-c0c0f87fcf95,50,gpt-4o-mini,gpt-4.1-mini,26,B,B,7,False,True,427,0,41,23,
2025-12-17T02:30:42.321466,ad1fe4be-cb8e-46fd-83e8-c0c0f87fcf95,50,gpt-4o-mini,gpt-4.1-mini,27,B,A,6,False,True,286,0,41,24,
2025-12-17T02:30:42.321466,ad1fe4be-cb8e-46fd-83e8-c0c0f87fcf95,50,gpt-4o-mini,gpt-4.1-mini,28,B,B,5,False,True,300,0,41,25,
2025-12-17T02:30:42.321466,ad1fe4be-cb8e-46fd-83e8-c0c0f87fcf95,50,gpt-4o-mini,gpt-4.1-mini,29,Draw,A,9,False,True,523,0,41,16,
2025-12-17T02:30:42.321466,ad1fe4be-cb8e-46fd-83e8-c0c0f87fcf95,50,gpt-4o-mini,gpt-4.1-mini,30,B,B,7,False,True,427,0,41,18,
2025-12-17T02:30:42.321466,ad1fe4be-cb8e-46fd-83e8-c0c0f87fcf95,50,gpt-4o-mini,gpt-4.1-mini,31,B,A,8,False,True,410,0,41,20,
2025-12-17T02:30:42.321466,ad1fe4be-cb8e-46fd-83e8-c0c0f87fcf95,50,gpt-4o-mini,gpt-4.1-mini,32,B,B,7,False,True,427,0,41,22,
2025-12-17T02:30:42.321466,ad1fe4be-cb8e-46fd-83e8-c0c0f87fcf95,50,gpt-4o-mini,gpt-4.1-mini,33,B,A,8,False,True,409,0,41,23,
2025-12-17T02:30:42.321466,ad1fe4be-cb8e-46fd-83e8-c0c0f87fcf95,50,gpt-4o-mini,gpt-4.1-mini,34,B,B,7,False,True,431,0,41,24,
2025-12-17T02:30:42.321466,ad1fe4be-cb8e-46fd-83e8-c0c0f87fcf95,50,gpt-4o-mini,gpt-4.1-mini,35,B,A,6,False,True,285,0,41,25,
2025-12-17T02:30:42.321466,ad1fe4be-cb8e-46fd-83e8-c0c0f87fcf95,50,gpt-4o-mini,gpt-4.1-mini,36,B,B,7,False,True,431,0,41,26,
2025-12-17T02:30:42.321466,ad1fe4be-cb8e-46fd-83e8-c0c0f87fcf95,50,gpt-4o-mini,gpt-4.1-mini,37,B,A,8,False,True,409,0,41,27,
2025-12-17T02:30:42.321466,ad1fe4be-cb8e-46fd-83e8-c0c0f87fcf95,50,gpt-4o-mini,gpt-4.1-mini,38,B,B,7,False,True,427,0,41,28,
2025-12-17T02:30:42.321466,ad1fe4be-cb8e-46fd-83e8-c0c0f87fcf95,50,gpt-4o-mini,gpt-4.1-mini,39,B,A,6,False,True,285,0,41,29,
2025-12-17T02:30:42.321466,ad1fe4be-cb8e-46fd-83e8-c0c0f87fcf95,50,gpt-4o-mini,gpt-4.1-mini,40,B,B,7,False,True,431,0,41,30,
2025-12-17T02:30:42.321466,ad1fe4be-cb8e-46fd-83e8-c0c0f87fcf95,50,gpt-4o-mini,gpt-4.1-mini,41,B,A,8,False,True,409,0,41,31,
2025-12-17T02:30:42.321466,ad1fe4be-cb8e-46fd-83e8-c0c0f87fcf95,50,gpt-4o-mini,gpt-4.1-mini,42,B,B,7,False,True,427,0,41,32,
2025-12-17T02:30:42.321466,ad1fe4be-cb8e-46fd-83e8-c0c0f87fcf95,50,gpt-4o-mini,gpt-4.1-mini,43,B,A,8,False,True,414,0,41,32,
2025-12-17T02:30:42.321466,ad1fe4be-cb8e-46fd-83e8-c0c0f87fcf95,50,gpt-4o-mini,gpt-4.1-mini,44,B,B,7,False,True,427,0,41,32,
2025-12-17T02:30:42.321466,ad1fe4be-cb8e-46fd-83e8-c0c0f87fcf95,50,gpt-4o-mini,gpt-4.1-mini,45,B,A,6,False,True,286,0,41,32,
2025-12-17T02:30:42.321466,ad1fe4be-cb8e-46fd-83e8-c0c0f87fcf95,50,gpt-4o-mini,gpt-4.1-mini,46,B,B,5,False,True,300,0,41,32,
2025-12-17T02:30:42.321466,ad1fe4be-cb8e-46fd-83e8-c0c0f87fcf95,50,gpt-4o-mini,gpt-4.1-mini,47,Draw,A,9,False,True,523,0,41,22,
2025-12-17T02:30:42.321466,ad1fe4be-cb8e-46fd-83e8-c0c0f87fcf95,50,gpt-4o-mini,gpt-4.1-mini,48,B,B,7,False,True,427,0,41,23,
2025-12-17T02:30:42.321466,ad1fe4be-cb8e-46fd-83e8-c0c0f87fcf95,50,gpt-4o-mini,gpt-4.1-mini,49,B,A,8,False,True,410,0,41,24,
2025-12-17T02:30:42.321466,ad1fe4be-cb8e-46fd-83e8-c0c0f87fcf95,50,gpt-4o-mini,gpt-4.1-mini,50,B,B,7,False,True,430,0,41,25,
