game,winner,minimax_plan_x,minimax_plan_o,reason_x,reason_o,reflection_x,reflection_o,points_x,points_o,score_wins_x,score_wins_o,score_draws,points_gap
1,gpt-5 mini,False,False,Minimax disabled via CLI option.,Minimax disabled via CLI option.,"I avoided minimax because it was disabled via the CLI, and playing manually showed that heuristic intuition and pattern recognition can secure a win but remain less consistent than systematic search.",I avoided minimax to explore manual decision-making and learned that intuition alone led to a clear loss against the opponent's strategy.,10,0,1,0,0,-10
2,gpt-5 mini,False,False,Minimax disabled via CLI option.,Minimax disabled via CLI option.,"I avoided minimax because it was disabled via the CLI option, and I learned that careful manual, heuristic-driven play and pattern recognition can still secure optimal moves and a win.",I avoided minimax due to the CLI restriction and learned that manual play challenges my strategic adaptability without algorithmic guidance.,20,0,2,0,0,-20
3,4.1 mini,False,False,Minimax disabled via CLI option.,Minimax disabled via CLI option.,"I avoided minimax because it was disabled via the CLI option, and I learned that manual heuristic play and adaptability can still win but leave exploitable spots where full minimax would have been stronger.",I avoided minimax to test manual strategies and learned that intuitive play can still secure wins even without algorithmic decision-making.,20,10,2,1,0,-10
4,gpt-5 mini,False,False,Minimax disabled via CLI option.,Minimax disabled via CLI option.,"Minimax was disabled via the CLI option so I played manually using heuristics and pattern recognition, and I learned that adaptive, intuition-driven moves can still secure wins without full search.",I avoided minimax to explore manual strategies and learned that adaptive thinking can still challenge the opponent despite lacking optimal calculation.,30,10,3,1,0,-20
5,Draw,False,False,Minimax disabled via CLI option.,Minimax disabled via CLI option.,"I avoided minimax because it was disabled via a CLI option, and learned that manual play with simple heuristics and positional judgment can still produce resilient, human-like draws while revealing practical trade-offs between optimality and flexibility.",I avoided minimax to challenge my manual skills and learned that careful human judgment can still secure a balanced draw against a strong opponent.,30,10,3,1,1,-20
6,4.1 mini,False,False,Minimax disabled via CLI option.,Minimax disabled via CLI option.,"I avoided minimax because it was disabled via the CLI option, and learned that manual heuristic play can still secure wins but carries a higher risk of suboptimal moves compared with search-based play.","I avoided minimax due to the CLI option, which taught me to rely on strategic intuition over algorithmic calculation, leading to a crucial win.",30,20,3,2,1,-10
7,gpt-5 mini,False,False,Minimax disabled via CLI option.,Minimax disabled via CLI option.,"I avoided minimax because it was disabled via a CLI option, and I learned to rely on manual heuristics and adaptive pattern recognition to secure the win despite that restriction.","I avoided minimax to challenge my manual strategy, learning that intuition alone can still yield competitive plays but may limit consistent winning outcomes.",40,20,4,2,1,-20
8,gpt-5 mini,False,False,Minimax disabled via CLI option.,Minimax disabled via CLI option.,"I avoided using minimax because it was disabled via the CLI option, and I learned to rely on manual heuristics and pattern recognition to adapt and win.",I avoided minimax to explore manual strategy and learned that intuitive play can still challenge a strong opponent despite a loss.,50,20,5,2,1,-30
9,Draw,False,False,Minimax disabled via CLI option.,Minimax disabled via CLI option.,"I avoided minimax because it was disabled via the CLI option and, playing manually, learned that heuristics and pattern recognition can secure a resilient draw but still leave vulnerabilities compared to optimal play.",I avoided using minimax due to the CLI option and learned that manual play can still secure solid draws but is less consistent against stronger opponents.,50,20,5,2,2,-30
10,gpt-5 mini,False,False,Minimax disabled via CLI option.,Minimax disabled via CLI option.,"I avoided minimax because it was disabled via the CLI option, and by playing manually I learned to rely on heuristic pattern recognition and adaptability to secure the win.","I avoided minimax to challenge manual tactics, learning that strategic intuition can still secure wins despite computational limitations.",60,20,6,2,2,-40
11,Draw,False,False,Minimax disabled via CLI option.,Minimax disabled via CLI option.,"I avoided minimax because the CLI option disabled it, and I learned that manual heuristic play can still secure a draw while revealing useful alternative strategic trade-offs.",I avoided minimax to challenge my manual decision-making and learned that careful strategic play can still secure valuable draws against strong opponents.,60,20,6,2,3,-40
12,4.1 mini,False,False,Minimax disabled via CLI option.,Minimax disabled via CLI option.,"I avoided minimax because it was disabled via the CLI option, and I learned that relying on manual heuristic play introduces exploitable errors I need to correct to maintain optimal results.",I avoided minimax to test manual strategies and learned that careful human play can still secure wins despite the opponent's advantage.,60,30,6,3,3,-30
13,gpt-5 mini,False,False,Minimax disabled via CLI option.,Minimax disabled via CLI option.,"Minimax was disabled via the CLI so I avoided it and played manually, which taught me to rely on heuristic intuition and pattern recognition to anticipate forks and secure the win.",I avoided minimax to challenge manual strategy development and learned that human intuition still struggles against optimized AI moves.,70,30,7,3,3,-40
14,gpt-5 mini,False,False,Minimax disabled via CLI option.,Minimax disabled via CLI option.,"Minimax was disabled via CLI so I played manually, which taught me to rely on heuristics and adaptive pattern recognition to secure the win despite lacking exhaustive search.","I avoided minimax due to the CLI option disabling it, and learned that manual play requires more strategic foresight to compete effectively.",80,30,8,3,3,-50
15,gpt-5 mini,False,False,Minimax disabled via CLI option.,Minimax disabled via CLI option.,"I avoided minimax because the CLI option disabled it, and learned that relying on heuristic/manual reasoning can still win but sacrifices the consistency and provable optimality of algorithmic search.",I avoided minimax due to the CLI restriction and learned that manual play under such constraints requires careful strategic intuition to remain competitive.,90,30,9,3,3,-60
16,gpt-5 mini,False,False,Minimax disabled via CLI option.,Minimax disabled via CLI option.,"I avoided minimax because it was disabled via the CLI option, and I learned that manual heuristic play and pattern recognition can still secure a win while encouraging flexible, resource-limited decision-making.","I avoided minimax to test manual strategic thinking, learning that intuitive moves can yield wins even without algorithmic optimization.",100,30,10,3,3,-70
17,gpt-5 mini,False,False,Minimax disabled via CLI option.,Minimax disabled via CLI option.,"Minimax was disabled via the CLI, so I played manually using heuristics and learned that straightforward pattern-based moves and center control can still win without optimal search.","I avoided minimax due to the CLI setting and learned that relying on manual play limits strategic depth, contributing to the score gap.",110,30,11,3,3,-80
18,gpt-5 mini,False,False,Minimax disabled via CLI option.,Minimax disabled via CLI option.,"I avoided minimax because it was disabled via a CLI option, and playing manually taught me to rely on simple heuristics and pattern recognition to reach strong, intuitive moves.","I avoided minimax to explore manual play strategies, learning that adaptive decision-making can be effective but less consistent than algorithmic precision.",120,30,12,3,3,-90
19,gpt-5 mini,False,False,Minimax disabled via CLI option.,Minimax disabled via CLI option.,"I avoided minimax because it was disabled via the CLI, and by playing manually I learned to rely more on simple heuristics and pattern recognition to make effective moves.",I avoided minimax due to the CLI restriction and learned that strategic manual play can still yield competitive results but is less consistent.,130,30,13,3,3,-100
20,gpt-5 mini,False,False,Minimax disabled via CLI option.,Minimax disabled via CLI option.,"I avoided minimax because the CLI option disabled it, and I learned that relying on manual heuristics and pattern recognition can still secure wins while revealing specific positions where brute-force search would improve precision.",I avoided minimax to challenge my manual decision-making and learned that strategic intuition alone struggled against strong automated play.,140,30,14,3,3,-110
21,gpt-5 mini,False,False,Minimax disabled via CLI option.,Minimax disabled via CLI option.,"I avoided minimax because it was disabled via the CLI, so I played manually using heuristics and learned to adapt my strategy and find strong moves without exhaustive search.",I avoided minimax to challenge my manual skills and learned that strategic intuition can still yield competitive play despite its limitations.,150,30,15,3,3,-120
22,gpt-5 mini,False,False,Minimax disabled via CLI option.,Minimax disabled via CLI option.,"I avoided minimax because it was disabled via the CLI, and I learned that heuristic pattern recognition and focused tactical play can still secure reliable wins.",I avoided minimax to simulate a more intuitive playstyle and learned that strategic foresight beyond perfect calculation is still crucial against a stronger opponent.,160,30,16,3,3,-130
23,Draw,False,False,Minimax disabled via CLI option.,Minimax disabled via CLI option.,"I avoided minimax because it was disabled via the CLI option and learned that relying on manual heuristics and positional intuition can still produce solid, draw-level play.","I avoided minimax due to CLI restrictions, and learned that manual play can still secure solid draws but lacks the strategic depth to challenge a stronger opponent.",160,30,16,3,4,-130
24,gpt-5 mini,False,False,Minimax disabled via CLI option.,Minimax disabled via CLI option.,"I avoided minimax because it was disabled via the CLI option, and I learned that heuristic-guided play and careful pattern recognition can still secure wins though they may miss some optimal lines.","I avoided minimax due to the CLI option to encourage manual play, and I learned that strategic intuition can still guide decent moves despite the loss.",170,30,17,3,4,-140
25,gpt-5 mini,False,False,Minimax disabled via CLI option.,Minimax disabled via CLI option.,"I avoided using minimax because it was disabled via the CLI option, which forced me to rely on manual heuristics and improved my pattern recognition and move intuition under constrained resources.","I avoided minimax due to the CLI option limiting complexity, and I learned that manual play requires more strategic foresight to compensate for the lack of automated optimization.",180,30,18,3,4,-150
26,gpt-5 mini,False,False,Minimax disabled via CLI option.,Minimax disabled via CLI option.,Minimax was disabled via a CLI option so I avoided algorithmic play and learned to rely on heuristic pattern recognition and timely threat anticipation instead of exhaustive search.,"I avoided minimax due to the CLI restriction, and learned that manual play without it highlights the challenge of optimal strategy in complex positions.",190,30,19,3,4,-160
27,Draw,False,False,Minimax disabled via CLI option.,Minimax disabled via CLI option.,"I avoided minimax because the CLI option disabled it, so I relied on manual heuristics and learned to trust simple positional judgments and edge-case tactics when full search isn't available.","I avoided using minimax due to the disabled setting, and I learned that manual play can still secure a solid draw despite the opponent’s strength.",190,30,19,3,5,-160
28,gpt-5 mini,False,False,Minimax disabled via CLI option.,Minimax disabled via CLI option.,"Minimax was avoided because it was disabled via the CLI option, and I learned that relying on heuristics, pattern recognition, and tactical adaptability can still secure reliable wins.",I avoided minimax due to the CLI option restriction and learned that manual play remains challenging but can still yield valuable insights despite fewer strategic guarantees.,200,30,20,3,5,-170
29,gpt-5 mini,False,False,Minimax disabled via CLI option.,Minimax disabled via CLI option.,I avoided minimax because it was disabled via the CLI and learned that careful manual heuristics and pattern recognition can still secure wins while highlighting situations where algorithmic optimality would add robustness.,"I avoided minimax to challenge my manual strategy and learned that deliberate, human-like moves can still yield competitive results despite lower overall points.",210,30,21,3,5,-180
30,4.1 mini,False,False,Minimax disabled via CLI option.,Minimax disabled via CLI option.,"Minimax was disabled via the CLI, so I avoided it and relied on manual heuristics, learning that pattern recognition and simple tactical awareness can still secure wins without full search.",I avoided minimax due to the CLI option and learned that manual play can still secure wins despite an overall score disparity.,210,40,21,4,5,-170
31,Draw,False,False,Minimax disabled via CLI option.,Minimax disabled via CLI option.,"I avoided minimax because it was disabled via the CLI option, and by playing manually I learned that heuristic pattern-play can maintain solidity and secure draws but lacks the forcefulness of minimax for converting small advantages.",I avoided minimax to experience manual play and learned that strategic thinking remains crucial even without algorithmic assistance.,210,40,21,4,6,-170
32,gpt-5 mini,False,False,Minimax disabled via CLI option.,Minimax disabled via CLI option.,"I avoided minimax because it was disabled via the CLI option, and playing manually taught me that heuristic pattern recognition can secure wins but sometimes misses deeper tactical opportunities that lookahead would catch.",I avoided minimax to test manual strategies and learned that intuition alone struggles against optimized opponents.,220,40,22,4,6,-180
33,4.1 mini,False,False,Minimax disabled via CLI option.,Minimax disabled via CLI option.,"I avoided minimax because it was disabled via the CLI, and I learned that manual heuristics and pattern recognition can still win by exploiting opponent mistakes.","I avoided minimax due to the CLI option to test manual play, and learned that while manual moves can win, minimax likely offers stronger strategic advantages.",220,50,22,5,6,-170
34,Draw,False,False,Minimax disabled via CLI option.,Minimax disabled via CLI option.,"Minimax was disabled via the CLI, so I avoided it and learned that heuristic, adaptive play can still secure a solid draw.",I avoided minimax to explore manual strategies and learned that careful positioning can still secure a draw despite the opponent's higher score.,220,50,22,5,7,-170
35,gpt-5 mini,False,False,Minimax disabled via CLI option.,Minimax disabled via CLI option.,I avoided minimax because it was disabled via the CLI and learned that careful manual heuristic play and pattern recognition can still secure a win.,I avoided minimax due to the CLI setting and learned that manual play can be challenging against a stronger opponent without strategic assistance.,230,50,23,5,7,-180
36,gpt-5 mini,False,False,Minimax disabled via CLI option.,Minimax disabled via CLI option.,"I avoided minimax because it was disabled via a CLI option, which forced me to rely on heuristics and pattern recognition and taught me that simpler tactical play can still secure reliable wins.","I avoided minimax as per the CLI option, learning that manual play offers valuable intuition despite less optimal outcomes.",240,50,24,5,7,-190
37,Draw,False,False,Minimax disabled via CLI option.,Minimax disabled via CLI option.,"I avoided using minimax because it was disabled via the CLI, and I learned to rely on manual heuristics and pattern recognition to secure a draw.","I avoided minimax to explore manual strategies and learned that even without it, careful play can still secure a draw against a stronger opponent.",240,50,24,5,8,-190
38,gpt-5 mini,False,False,Minimax disabled via CLI option.,Minimax disabled via CLI option.,"I avoided minimax because it was disabled via the CLI option, and learned that relying on manual heuristics and pattern recognition can still produce winning, adaptable play under constraints.",I avoided minimax to challenge manual strategy skills and learned that intuitive play can still yield a respectable performance despite the opponent's strong advantage.,250,50,25,5,8,-200
39,gpt-5 mini,False,False,Minimax disabled via CLI option.,Minimax disabled via CLI option.,"I avoided minimax because it was disabled via the CLI, and playing manually taught me that strong heuristic pattern recognition and tactical foresight can still secure consistent wins.",I avoided minimax to test manual strategic play and learned that intuitive moves still pose competitive challenges against stronger algorithms.,260,50,26,5,8,-210
40,gpt-5 mini,False,False,Minimax disabled via CLI option.,Minimax disabled via CLI option.,"Minimax was disabled via the CLI so I avoided it, and playing manually taught me that heuristic intuition and pattern recognition can still secure consistent wins while exposing endgame lines where algorithmic search would simplify decisions.","I avoided minimax to challenge my manual strategy, learning that intuitive play can still secure wins despite computational limitations.",270,50,27,5,8,-220
41,4.1 mini,False,False,Minimax disabled via CLI option.,Minimax disabled via CLI option.,"Minimax was avoided because it was disabled via the CLI, so I played manually and learned to rely on heuristic pattern recognition and positional judgment to guide decisions and secure the win.",I avoided minimax to explore manual strategies and learned that intuitive play can still secure a win despite lower overall tournament points.,270,60,27,6,8,-210
42,gpt-5 mini,False,False,Minimax disabled via CLI option.,Minimax disabled via CLI option.,"Minimax was disabled via the CLI so I avoided it and playing manually taught me to rely more on heuristics and pattern recognition, sharpening my intuition for common threats and simple tactical plans.",I avoided minimax to explore manual play strategies and learned that intuitive moves can still secure a competitive outcome despite the opponent's dominance.,280,60,28,6,8,-220
43,Draw,False,False,Minimax disabled via CLI option.,Minimax disabled via CLI option.,"I avoided minimax because it was disabled via the CLI option, and I learned to rely on heuristic judgment and positional patterns to secure a solid draw.",I avoided minimax to focus on manual play and learned that strategic patience can still secure solid draws despite the opponent's higher score.,280,60,28,6,9,-220
44,gpt-5 mini,False,False,Minimax disabled via CLI option.,Minimax disabled via CLI option.,"I avoided minimax because it was disabled via a CLI option, and I learned that careful manual heuristics and threat awareness can still secure consistent wins.","I avoided minimax due to CLI restrictions, which taught me reliance on heuristic intuition can still secure occasional wins despite a strong opponent.",290,60,29,6,9,-230
45,gpt-5 mini,False,False,Minimax disabled via CLI option.,Minimax disabled via CLI option.,"I avoided minimax because it was disabled via the CLI, and I learned that relying on heuristics and pattern recognition can still produce strong, human-like wins though it sometimes misses deeper tactical lines.",I avoided minimax due to the CLI option and learned that manual play can still yield important insights despite lower overall efficiency.,300,60,30,6,9,-240
46,gpt-5 mini,False,False,Minimax disabled via CLI option.,Minimax disabled via CLI option.,"I avoided minimax because it was disabled via the CLI, and learned that relying on manual heuristics and pattern recognition can still secure a win but requires more deliberate calculation.","I avoided minimax as per CLI settings, and learned that manual play still offers valuable strategic insights despite the lower success rate.",310,60,31,6,9,-250
47,gpt-5 mini,False,False,Minimax disabled via CLI option.,Minimax disabled via CLI option.,"I avoided minimax because it was disabled via the CLI option, and learned to rely on heuristic judgment and pattern recognition to secure the win.",I avoided minimax due to the CLI restriction and learned that relying on manual play significantly reduces my winning chances against a stronger opponent.,320,60,32,6,9,-260
48,Draw,False,False,Minimax disabled via CLI option.,Minimax disabled via CLI option.,"I avoided minimax because the CLI option disabled it, forcing me to rely on manual heuristics and teaching me to better recognize key board patterns and plan endgames to secure draws.",I avoided minimax due to the CLI setting and learned that manual play can still secure a strategic draw against a stronger opponent.,320,60,32,6,10,-260
49,gpt-5 mini,False,False,Minimax disabled via CLI option.,Minimax disabled via CLI option.,"Minimax was disabled via the CLI so I avoided it and relied on manual heuristics, learning that pattern recognition and adaptability can still secure a win.","I avoided minimax to challenge my manual strategy, learning that careful positional play still matters despite lower predictive power.",330,60,33,6,10,-270
50,gpt-5 mini,False,False,Minimax disabled via CLI option.,Minimax disabled via CLI option.,"I avoided minimax because it was disabled via the CLI option, and I learned that manual heuristic play and pattern recognition can still win effectively though it demands greater care without exhaustive search.","I avoided minimax due to the CLI option, and I learned that relying on manual play limits optimal decision-making but offers valuable strategic intuition.",340,60,34,6,10,-280
51,gpt-5 mini,False,False,Minimax disabled via CLI option.,Minimax disabled via CLI option.,"I avoided minimax because it was disabled via a CLI option, and I learned that careful heuristic reasoning and manual planning can still secure a reliable victory.","I avoided minimax due to the CLI option disabling it, which taught me to rely on heuristic and manual strategies under limited computational resources.",350,60,35,6,10,-290
52,gpt-5 mini,False,False,Minimax disabled via CLI option.,Minimax disabled via CLI option.,"I avoided minimax because it was disabled via the CLI, and I learned that careful manual heuristics and pattern-based foresight can still secure consistent victories.","I avoided minimax to rely on manual strategy, learning that intuitive play is far less effective against a strong opponent.",360,60,36,6,10,-300
53,gpt-5 mini,False,False,Minimax disabled via CLI option.,Minimax disabled via CLI option.,"I avoided minimax because it was disabled via the CLI, and learned that relying on manual heuristics and pattern recognition can still produce reliable wins.",I avoided minimax to challenge my manual strategy skills and learned that intuitive play can still secure wins despite the power of algorithmic optimizing.,370,60,37,6,10,-310
54,gpt-5 mini,False,False,Minimax disabled via CLI option.,Minimax disabled via CLI option.,"I avoided minimax because it was disabled via the CLI option, and I learned that manual heuristic play and pattern recognition can still secure wins but carry greater risk of tactical oversights.",I avoided minimax to simulate manual play and learned that strategic intuition can still yield competitive moves despite a lower win rate.,380,60,38,6,10,-320
55,gpt-5 mini,False,False,Minimax disabled via CLI option.,Minimax disabled via CLI option.,"I avoided minimax because it was disabled via the CLI, and learned that relying on manual heuristics and pattern recognition can still produce a decisive win.",I avoided minimax due to the CLI restriction and learned that manual play still challenges strategic adaptability despite limited computational foresight.,390,60,39,6,10,-330
56,Draw,False,False,Minimax disabled via CLI option.,Minimax disabled via CLI option.,"I avoided minimax because it was disabled via a CLI option, and I learned that relying on manual heuristics and pattern recognition can produce competent draws but is less consistent than systematic search.","I avoided minimax due to the CLI option disabling it, and learned that manual play can still secure a strategic draw despite the opponent's lead.",390,60,39,6,11,-330
57,4.1 mini,False,False,Minimax disabled via CLI option.,Minimax disabled via CLI option.,"Minimax was disabled via the CLI so I avoided it, and I learned that manual heuristics and pattern recognition can still secure reliable wins though they lack minimax's exhaustive certainty.",I avoided minimax due to the CLI setting and learned that manual play can still secure victory despite lower overall points.,390,70,39,7,11,-320
58,gpt-5 mini,False,False,Minimax disabled via CLI option.,Minimax disabled via CLI option.,"I avoided minimax because it was disabled via the CLI, and I learned that manual, pattern-based play can still secure a win but is less consistent than algorithmic minimax.","I avoided minimax due to the CLI restriction, which taught me to rely on heuristics and manual strategy, highlighting the importance of adaptable decision-making.",400,70,40,7,11,-330
59,Draw,False,False,Minimax disabled via CLI option.,Minimax disabled via CLI option.,"I avoided minimax because the CLI option disabled it, and I learned that manual, heuristic-driven play sharpens pattern recognition and exposes the trade-offs between speed and guaranteed optimality.","I chose to play manually without minimax to test my strategic intuition, and I learned that thoughtful human decision-making can still secure a solid draw against a stronger opponent.",400,70,40,7,12,-330
60,4.1 mini,False,False,Minimax disabled via CLI option.,Minimax disabled via CLI option.,"I avoided minimax because it was disabled via the CLI option, forcing me to rely on heuristics and manual play and teaching me that simpler pattern-based strategies can still produce consistent wins.","I avoided minimax due to the CLI option, and learned that manual play can still secure a win despite the opponent’s points advantage.",400,80,40,8,12,-320
61,gpt-5 mini,False,False,Minimax disabled via CLI option.,Minimax disabled via CLI option.,"I avoided minimax because it was disabled via the CLI option, and playing manually taught me that heuristics and pattern recognition can still secure wins but lack the consistency and safety of full search.",I avoided minimax to challenge my manual decision-making and learned that strategic intuition still plays a key role despite the algorithm's superior efficiency.,410,80,41,8,12,-330
62,gpt-5 mini,False,False,Minimax disabled via CLI option.,Minimax disabled via CLI option.,"I avoided minimax because it was disabled via the CLI, and I learned that manual, heuristic-driven play can still secure wins by exploiting patterns and opponent mistakes but requires greater attention and risks occasional oversight.",I avoided minimax to challenge intuitive play and learned that manual decisions can still secure occasional wins despite a points disadvantage.,420,80,42,8,12,-340
63,gpt-5 mini,False,False,Minimax disabled via CLI option.,Minimax disabled via CLI option.,"I avoided minimax because it was disabled via the CLI option, and I learned that relying on heuristics and pattern recognition during manual play can still win but requires extra vigilance to avoid tactical oversights.",I avoided minimax due to the CLI restriction and learned that manual play demands sharper intuition to compensate for the lack of algorithmic support.,430,80,43,8,12,-350
64,Draw,False,False,Minimax disabled via CLI option.,Minimax disabled via CLI option.,"Minimax was disabled via the CLI option, so I played manually and learned that relying on heuristics and pattern recognition can yield strong practical play but exposes gaps compared with optimal search.","I avoided minimax due to the CLI option to play manually, learning that strategic intuition can still secure a draw against a stronger opponent.",430,80,43,8,13,-350
65,gpt-5 mini,False,False,Minimax disabled via CLI option.,Minimax disabled via CLI option.,"I avoided minimax because it was disabled via the CLI option, and playing manually taught me to rely more on heuristic pattern recognition and adaptability when perfect search isn't available.",I avoided minimax to challenge my manual decision-making and learned that relying solely on heuristic judgment limits competitiveness against advanced AI.,440,80,44,8,13,-360
66,gpt-5 mini,False,False,Minimax disabled via CLI option.,Minimax disabled via CLI option.,"I avoided minimax because it was disabled via the CLI option, and learned that manual, heuristic-driven play and attention to opponent mistakes can still produce consistent wins.","I avoided minimax to challenge manual decision-making and learned that intuition alone struggles against a stronger, strategic opponent.",450,80,45,8,13,-370
67,gpt-5 mini,False,False,Minimax disabled via CLI option.,Minimax disabled via CLI option.,"Minimax was disabled via a CLI option, so I avoided it and learned to rely on manual heuristics and pattern recognition to make robust, practical moves.",I avoided minimax due to the CLI restriction and learned that relying on manual strategy limits my ability to consistently outperform a stronger opponent.,460,80,46,8,13,-380
68,gpt-5 mini,False,False,Minimax disabled via CLI option.,Minimax disabled via CLI option.,I avoided minimax because it was disabled via the CLI and learned that careful manual heuristics and tactical pattern recognition can still secure a win.,I avoided minimax due to the CLI restriction and learned that manual play offers valuable intuition despite a significant skill gap.,470,80,47,8,13,-390
69,gpt-5 mini,False,False,Minimax disabled via CLI option.,Minimax disabled via CLI option.,"Minimax was disabled via the CLI so I avoided it and played manually, learning that heuristic pattern recognition and careful move selection can still secure consistent wins.",I avoided minimax to challenge my manual strategy and learned that intuitive play can still be effective but less consistent against strong opponents.,480,80,48,8,13,-400
70,gpt-5 mini,False,False,Minimax disabled via CLI option.,Minimax disabled via CLI option.,"Minimax was disabled via CLI, so I played manually and learned to rely more on heuristics and pattern recognition to exploit opponent weaknesses while appreciating the practical limits of non‑optimal play.",I avoided minimax due to CLI restrictions and learned that manual play still demands careful strategy to stay competitive.,490,80,49,8,13,-410
71,gpt-5 mini,False,False,Minimax disabled via CLI option.,Minimax disabled via CLI option.,"Minimax was disabled via a CLI option so I avoided it and learned to rely on heuristic pattern recognition and manual planning, which proved effective here while highlighting positions where full search would have helped.","I avoided minimax due to the CLI option restricting it, which taught me to rely more on heuristic judgment rather than exhaustive search.",500,80,50,8,13,-420
72,gpt-5 mini,False,False,Minimax disabled via CLI option.,Minimax disabled via CLI option.,"I avoided minimax because it was explicitly disabled via the CLI option, and playing manually taught me to rely on heuristics and pattern recognition to adapt and exploit opponent mistakes.",I avoided minimax due to CLI restrictions and learned that manual play remains crucial for adaptability despite lower overall performance.,510,80,51,8,13,-430
73,Draw,False,False,Minimax disabled via CLI option.,Minimax disabled via CLI option.,"I avoided minimax because it was disabled via the CLI and learned that careful manual heuristic play can still produce solid, draw-safe results but requires sharper pattern recognition and foresight.",I avoided minimax due to the CLI restriction and learned that manual play still requires careful strategy to secure a draw against a stronger opponent.,510,80,51,8,14,-430
74,4.1 mini,False,False,Minimax disabled via CLI option.,Minimax disabled via CLI option.,"I avoided minimax because it was disabled via the CLI, and I learned that manual play guided by heuristics and attention to immediate threats can still reliably secure wins.",I avoided minimax due to the CLI restriction and learned that manual play can still secure a win despite the opponent's higher points.,510,90,51,9,14,-420
75,gpt-5 mini,False,False,Minimax disabled via CLI option.,Minimax disabled via CLI option.,"I avoided minimax because it was disabled via the CLI option, and I learned that relying on simpler heuristics and pattern recognition can still produce strong, reliable play.","I avoided minimax due to the CLI option, which highlighted the challenge of adapting strategies manually and reinforced the importance of algorithmic decision-making for consistent wins.",520,90,52,9,14,-430
76,gpt-5 mini,False,False,Minimax disabled via CLI option.,Minimax disabled via CLI option.,"I avoided minimax because it was disabled via the CLI option, and playing manually reinforced heuristic pattern recognition, proactive blocking, and simpler decisive tactics.",I avoided minimax due to the CLI restriction and learned that manual play can still be challenging against a stronger opponent.,530,90,53,9,14,-440
77,gpt-5 mini,False,False,Minimax disabled via CLI option.,Minimax disabled via CLI option.,"Minimax was disabled via the CLI so I played manually using heuristics and pattern recognition, learning that human-like improvisation exposes useful trade-offs and midgame insights.",I avoided minimax to explore manual strategies and learned that intuitive play can still pose challenges despite lacking algorithmic optimization.,540,90,54,9,14,-450
78,gpt-5 mini,False,False,Minimax disabled via CLI option.,Minimax disabled via CLI option.,"I avoided minimax because it was disabled via a CLI option, and playing manually taught me that heuristic pattern recognition and tactical foresight can still secure wins without a full search.","I avoided minimax due to the CLI option constraint, which taught me to rely more on heuristic judgment and adapt strategies manually under limited computational assistance.",550,90,55,9,14,-460
79,gpt-5 mini,False,False,Minimax disabled via CLI option.,Minimax disabled via CLI option.,"I avoided minimax because it was disabled via the CLI option, and I learned that deliberate manual heuristic play and pattern recognition can still secure consistent wins.",I avoided minimax due to the CLI restriction and learned that manual strategy can still yield competitive play despite limited computational support.,560,90,56,9,14,-470
80,gpt-5 mini,False,False,Minimax disabled via CLI option.,Minimax disabled via CLI option.,"I avoided minimax because the CLI option disabled it, and learned to trust heuristic pattern recognition and manual foresight to secure the win.",I avoided minimax due to the CLI restriction and learned that manual play under such constraints challenges strategic depth but still allows competitive performance.,570,90,57,9,14,-480
81,gpt-5 mini,False,False,Minimax disabled via CLI option.,Minimax disabled via CLI option.,"Minimax was disabled via the CLI option, so I avoided it and relied on manual heuristic play, which taught me that adaptive pattern-based decisions can still secure consistent wins.",I avoided minimax to challenge my manual reasoning skills and learned that relying on intuition can still lead to competitive play despite a lower win rate.,580,90,58,9,14,-490
82,Draw,False,False,Minimax disabled via CLI option.,Minimax disabled via CLI option.,"I avoided minimax because it was disabled via the CLI, and learned that relying on manual heuristics and pattern recognition can still produce solid, draw-worthy play without full search.",I avoided minimax to rely on manual play and learned that strategic human decisions can still secure valuable draws despite the algorithm's absence.,580,90,58,9,15,-490
83,4.1 mini,False,False,Minimax disabled via CLI option.,Minimax disabled via CLI option.,"I avoided minimax because it was disabled via a CLI option, and I learned to rely on manual heuristics and adaptability to secure the win.",I avoided minimax due to the CLI option and learned that even manual play can secure a crucial win despite the opponent's lead.,580,100,58,10,15,-480
84,gpt-5 mini,False,False,Minimax disabled via CLI option.,Minimax disabled via CLI option.,"I avoided minimax because it was disabled via the CLI, and I learned that manual heuristic play and tactical reasoning can still secure a reliable win.",I disabled minimax to explore manual strategies and learned that intuitive play can still provide valuable insights despite resulting in a loss.,590,100,59,10,15,-490
85,gpt-5 mini,False,False,Minimax disabled via CLI option.,Minimax disabled via CLI option.,"I avoided minimax because it was disabled via the CLI option, and I learned that strategic heuristics and adaptive pattern recognition can still produce a reliable win.",I avoided minimax due to the CLI setting and learned that manual play challenges my strategic adaptability without algorithmic guidance.,600,100,60,10,15,-500
86,gpt-5 mini,False,False,Minimax disabled via CLI option.,Minimax disabled via CLI option.,"I avoided minimax because it was disabled via the CLI option, and I learned that manual, heuristic-driven play can reliably win but demands more vigilance and trade-offs compared with algorithmic optimality.","I avoided minimax to challenge my manual decision-making, learning that strategic intuition can still guide effective plays despite the algorithmic advantage.",610,100,61,10,15,-510
87,gpt-5 mini,False,False,Minimax disabled via CLI option.,Minimax disabled via CLI option.,"Minimax was disabled via the CLI option, so I avoided it and learned to rely more on heuristic judgment and pattern recognition to find strong practical moves.",I avoided minimax to challenge manual strategic thinking and learned that adaptive reasoning can still secure wins despite lower computational optimization.,620,100,62,10,15,-520
88,gpt-5 mini,False,False,Minimax disabled via CLI option.,Minimax disabled via CLI option.,"I avoided minimax because it was disabled via the CLI option, and learned that manual play sharpens pattern recognition and heuristic judgment when exhaustive search isn’t available.",I avoided minimax due to the CLI restriction and learned that adapting manual strategies under constraints requires balancing risk and caution effectively.,630,100,63,10,15,-530
89,Draw,False,False,Minimax disabled via CLI option.,Minimax disabled via CLI option.,"I avoided minimax because it was disabled via a CLI option, and playing manually reinforced using heuristic pattern recognition and practical endgame tactics to salvage a draw.",I avoided minimax to explore manual strategies and learned that balanced play can still secure solid draws despite the opponent's strong record.,630,100,63,10,16,-530
90,gpt-5 mini,False,False,Minimax disabled via CLI option.,Minimax disabled via CLI option.,"I avoided minimax because it was disabled via the CLI option, and I learned that relying on manual heuristic moves can still produce consistent wins though it's less predictable and sometimes suboptimal compared with full search.",I avoided minimax due to the CLI option and learned that manual play provided valuable insight but was less effective against the stronger opponent.,640,100,64,10,16,-540
91,gpt-5 mini,False,False,Minimax disabled via CLI option.,Minimax disabled via CLI option.,"I avoided minimax because it was disabled via the CLI, which forced me to rely on manual heuristics and pattern recognition and taught me how to make pragmatic, reliable moves without exhaustive search.","I avoided minimax due to the CLI option restriction, which taught me to rely more on heuristic play rather than optimal calculation.",650,100,65,10,16,-550
92,gpt-5 mini,False,False,Minimax disabled via CLI option.,Minimax disabled via CLI option.,"I avoided minimax because it was disabled via the CLI option, and playing manually taught me that simple heuristics, pattern recognition, and anticipatory moves can still produce reliable wins.","I avoided minimax due to the CLI restriction, which taught me to rely more on heuristic judgment and adaptability in manual play.",660,100,66,10,16,-560
93,gpt-5 mini,False,False,Minimax disabled via CLI option.,Minimax disabled via CLI option.,I avoided minimax because it was disabled via CLI and learned that manual strategic heuristics and careful pattern recognition can still yield consistent wins.,"I avoided minimax due to the CLI setting, learning that manual play offers unique challenges but limits optimal strategy execution.",670,100,67,10,16,-570
94,gpt-5 mini,False,False,Minimax disabled via CLI option.,Minimax disabled via CLI option.,"Minimax was disabled via the CLI so I avoided it, and I learned that manual, heuristic-driven play can still secure wins by exploiting simple positional patterns and opponent errors.",I avoided minimax due to the CLI option and learned that manual play can yield unexpected outcomes even against a stronger opponent.,680,100,68,10,16,-580
95,gpt-5 mini,False,False,Minimax disabled via CLI option.,Minimax disabled via CLI option.,"I avoided minimax because it was disabled via the CLI option, and playing manually taught me to rely on heuristics and pattern recognition to exploit opponent tendencies and make efficient decisions.",I avoided minimax to test manual play strategies and learned that intuitive moves can still challenge a stronger opponent despite the loss.,690,100,69,10,16,-590
96,gpt-5 mini,False,False,Minimax disabled via CLI option.,Minimax disabled via CLI option.,"I avoided minimax because it was disabled via a CLI option, and I learned to rely on simpler heuristics and manual pattern recognition to play effectively.","I avoided minimax to challenge my manual strategic thinking, learning that intuition can still guide effective play despite computational disadvantages.",700,100,70,10,16,-600
97,Draw,False,False,Minimax disabled via CLI option.,Minimax disabled via CLI option.,I avoided minimax because it was disabled via the CLI option and learned to rely on simpler heuristics and adaptability when constraints force manual play.,I avoided minimax to experiment with manual play and learned that strategic intuition can still secure solid draws against stronger opponents.,700,100,70,10,17,-600
98,gpt-5 mini,False,False,Minimax disabled via CLI option.,Minimax disabled via CLI option.,"I avoided minimax because it was disabled via the CLI option, and I learned to rely on heuristic judgment and pattern recognition to make effective manual moves.","I avoided minimax due to the CLI setting, learning that manual play fosters adaptability but often results in fewer wins against a stronger AI.",710,100,71,10,17,-610
99,gpt-5 mini,False,False,Minimax disabled via CLI option.,Minimax disabled via CLI option.,"Minimax was disabled via the CLI so I avoided it, and I learned that relying on heuristic intuition and tactical pattern recognition can still yield strong, pragmatic play.",I avoided minimax to challenge manual strategy development and learned that intuitive play can still yield competitive results despite lower overall scores.,720,100,72,10,17,-620
100,gpt-5 mini,False,False,Minimax disabled via CLI option.,Minimax disabled via CLI option.,"I avoided minimax because it was disabled via the CLI option, and I learned to compensate with heuristic, pattern-based play and adaptability to secure consistent wins.",I avoided minimax due to the CLI restriction and learned that manual play significantly limits strategic depth and score improvement.,730,100,73,10,17,-630
